source,target
AFG,ALB
AFG,ARG
AFG,AUT
AFG,BHR
AFG,BIH
AFG,CHE
AFG,ECU
AFG,FIN
AFG,HRV
AFG,IRQ
AFG,ISL
AFG,KEN
AFG,LTU
AFG,MAR
AFG,MEX
AFG,MKD
AFG,MLI
AFG,MNG
AFG,MUS
AFG,NER
AFG,NOR
AFG,RWA
AFG,SVK
AFG,SWZ
AFG,URY
AFG,UZB
AFG,YEM
AFG,ZMB
AGO,AZE
AGO,BEN
AGO,BFA
AGO,BHR
AGO,DNK
AGO,EST
AGO,ETH
AGO,FRA
AGO,GRC
AGO,KHM
AGO,LVA
AGO,MKD
AGO,MNG
AGO,MYS
AGO,NOR
AGO,PAN
AGO,RWA
AGO,SWZ
AGO,TKM
AGO,YEM
ALB,AFG
ALB,AZE
ALB,CAF
ALB,CHE
ALB,DZA
ALB,IDN
ALB,IRL
ALB,JAM
ALB,KGZ
ALB,LKA
ALB,MLI
ALB,MWI
ALB,PAK
ALB,POL
ALB,PRT
ALB,PRY
ALB,RUS
ALB,TCD
ALB,TTO
ALB,URY
ALB,VNM
ARE,AGO
ARE,BDI
ARE,BWA
ARE,COM
ARE,DEU
ARE,GAB
ARE,HRV
ARE,HTI
ARE,ISL
ARE,LSO
ARE,LUX
ARE,MAR
ARE,NER
ARE,PRT
ARE,SLE
ARE,SVN
ARE,TCD
ARE,TZA
ARE,UZB
ARG,AGO
ARG,BDI
ARG,BEN
ARG,BWA
ARG,COM
ARG,EGY
ARG,GAB
ARG,GEO
ARG,HTI
ARG,MAR
ARG,MDA
ARG,MKD
ARG,MRT
ARG,MWI
ARG,NER
ARG,PER
ARG,RWA
ARG,SWZ
ARG,TCD
ARG,TGO
ARG,UZB
ARM,AUS
ARM,AUT
ARM,BEL
ARM,BGD
ARM,BGR
ARM,BIH
ARM,CMR
ARM,COG
ARM,CZE
ARM,DEU
ARM,ECU
ARM,GTM
ARM,ISL
ARM,ISR
ARM,KOR
ARM,KWT
ARM,LBY
ARM,LVA
ARM,MAR
ARM,MLI
ARM,MLT
ARM,MOZ
ARM,MRT
ARM,MYS
ARM,NOR
ARM,PHL
ARM,SDN
ARM,SLE
ARM,SUR
ARM,TUN
ARM,TZA
ARM,UKR
ARM,URY
AUS,AZE
AUS,BLR
AUS,CAF
AUS,EST
AUS,GHA
AUS,GIN
AUS,ISL
AUS,JAM
AUS,LBR
AUS,LSO
AUS,LTU
AUS,LUX
AUS,MDG
AUS,MWI
AUS,QAT
AUS,YEM
AUS,ZMB
AUT,ARM
AUT,GAB
AUT,GIN
AUT,HND
AUT,HTI
AUT,KHM
AUT,LKA
AUT,MLI
AUT,MRT
AUT,QAT
AUT,SEN
AUT,THA
AUT,UGA
AUT,VNM
AZE,AGO
AZE,ECU
AZE,GAB
AZE,HND
AZE,HTI
AZE,IRL
AZE,JPN
AZE,KOR
AZE,LKA
AZE,LSO
AZE,MAR
AZE,MKD
AZE,MLT
AZE,MMR
AZE,MUS
AZE,NER
AZE,NOR
AZE,NPL
AZE,SGP
AZE,SUR
AZE,TCD
AZE,TGO
AZE,TTO
AZE,TUR
AZE,YEM
BDI,ARE
BDI,BEN
BDI,CAN
BDI,ETH
BDI,FIN
BDI,GBR
BDI,GHA
BDI,GIN
BDI,HTI
BDI,IND
BDI,IRN
BDI,ISL
BDI,ISR
BDI,JOR
BDI,KWT
BDI,LSO
BDI,NER
BDI,NIC
BDI,PHL
BDI,PRY
BDI,TKM
BDI,UKR
BDI,VNM
BDI,YEM
BDI,ZWE
BEL,GIN
BEL,MUS
BEL,NGA
BEL,NIC
BEN,ARE
BEN,ARG
BEN,AZE
BEN,BHR
BEN,BLR
BEN,BOL
BEN,COG
BEN,CYP
BEN,ECU
BEN,ESP
BEN,FIN
BEN,GTM
BEN,IDN
BEN,KHM
BEN,KOR
BEN,KWT
BEN,LTU
BEN,NIC
BEN,NLD
BEN,NOR
BEN,PHL
BEN,POL
BEN,PRY
BEN,SLE
BEN,UGA
BEN,URY
BFA,ARE
BFA,BIH
BFA,BOL
BFA,BWA
BFA,COL
BFA,CRI
BFA,DOM
BFA,ESP
BFA,HND
BFA,IDN
BFA,IRL
BFA,KGZ
BFA,KHM
BFA,KWT
BFA,MDG
BFA,NZL
BFA,OMN
BFA,PAN
BFA,POL
BFA,QAT
BFA,SDN
BFA,SGP
BFA,TUR
BFA,URY
BFA,UZB
BGD,BDI
BGD,BOL
BGD,CAF
BGD,CMR
BGD,COL
BGD,FIN
BGD,GAB
BGD,HTI
BGD,LUX
BGD,MDA
BGD,MEX
BGD,MMR
BGD,NER
BGD,NIC
BGD,NOR
BGD,OMN
BGD,SDN
BGD,SEN
BGD,TCD
BGD,TGO
BGD,UGA
BGD,ZAF
BGD,ZMB
BGD,ZWE
BGR,AGO
BGR,AUS
BGR,BEN
BGR,BFA
BGR,CMR
BGR,COM
BGR,ETH
BGR,GBR
BGR,LBN
BGR,MNG
BGR,MRT
BGR,NER
BGR,PAN
BGR,PRY
BGR,QAT
BGR,SDN
BGR,SVN
BGR,TGO
BGR,ZMB
BGR,ZWE
BHR,CHE
BHR,CMR
BHR,DNK
BHR,HND
BHR,HUN
BHR,KGZ
BHR,LBR
BHR,LSO
BHR,MDG
BHR,MKD
BHR,MWI
BHR,NOR
BHR,POL
BHR,RWA
BHR,SVK
BHR,ZWE
BIH,AFG
BIH,BDI
BIH,BLR
BIH,BOL
BIH,CAF
BIH,CRI
BIH,CYP
BIH,CZE
BIH,ETH
BIH,FIN
BIH,IDN
BIH,IRQ
BIH,KAZ
BIH,KEN
BIH,KGZ
BIH,KWT
BIH,MAR
BIH,NER
BIH,NPL
BIH,PER
BIH,RUS
BIH,SVK
BIH,TCD
BIH,ZWE
BLR,BGD
BLR,CAF
BLR,CAN
BLR,CHE
BLR,EGY
BLR,FIN
BLR,GIN
BLR,IRL
BLR,JOR
BLR,LSO
BLR,LVA
BLR,MEX
BLR,MLT
BLR,MRT
BLR,NPL
BLR,OMN
BLR,SAU
BLR,TGO
BLR,THA
BLR,UZB
BOL,BGD
BOL,BHR
BOL,BIH
BOL,CMR
BOL,CYP
BOL,CZE
BOL,GAB
BOL,HUN
BOL,IND
BOL,IRL
BOL,JPN
BOL,KGZ
BOL,MAR
BOL,MLT
BOL,MNG
BOL,MOZ
BOL,NER
BOL,OMN
BOL,POL
BOL,RWA
BOL,SLE
BOL,SUR
BOL,TTO
BOL,YEM
BRA,AGO
BRA,BHR
BRA,CAF
BRA,ISL
BRA,KGZ
BRA,MKD
BRA,MLI
BRA,MNG
BRA,NPL
BRA,SLE
BRA,TKM
BWA,ARE
BWA,BEL
BWA,BFA
BWA,BGD
BWA,BGR
BWA,BIH
BWA,CMR
BWA,COM
BWA,CZE
BWA,ECU
BWA,EST
BWA,GBR
BWA,GIN
BWA,IDN
BWA,IRL
BWA,ISL
BWA,JAM
BWA,JPN
BWA,KAZ
BWA,LKA
BWA,MDG
BWA,MRT
BWA,MWI
BWA,NGA
BWA,NIC
BWA,OMN
BWA,PAK
BWA,PHL
BWA,POL
BWA,QAT
BWA,SAU
BWA,SWE
BWA,THA
BWA,UZB
BWA,YEM
CAF,AGO
CAF,ARG
CAF,BEL
CAF,BLR
CAF,COG
CAF,ETH
CAF,IND
CAF,IRN
CAF,ISL
CAF,JAM
CAF,JOR
CAF,LBR
CAF,MMR
CAF,MOZ
CAF,MYS
CAF,NGA
CAF,NIC
CAF,NPL
CAF,OMN
CAF,PRT
CAF,SAU
CAF,SVN
CAF,TGO
CAF,TZA
CAF,UKR
CAF,URY
CAF,USA
CAF,VNM
CAF,ZAF
CAF,ZWE
CAN,AFG
CAN,ARM
CAN,BEN
CAN,BRA
CAN,CAF
CAN,COM
CAN,GEO
CAN,KGZ
CAN,LUX
CAN,MDA
CAN,MRT
CAN,MUS
CAN,NPL
CAN,SLE
CAN,SUR
CAN,TGO
CHE,BHR
CHE,COM
CHE,DNK
CHE,DOM
CHE,EST
CHE,LKA
CHE,MNG
CHE,MOZ
CHE,MUS
CHE,NIC
CHE,QAT
CHE,RWA
CHE,TCD
CHE,YEM
CHL,ARM
CHL,BDI
CHL,BLR
CHL,BWA
CHL,ETH
CHL,GAB
CHL,GIN
CHL,KAZ
CHL,LKA
CHL,LTU
CHL,MWI
CHL,PHL
CHL,SVK
CHL,SWZ
CHL,TZA
CHN,COL
CMR,AGO
CMR,ARE
CMR,ARG
CMR,AUT
CMR,AZE
CMR,BDI
CMR,CRI
CMR,GAB
CMR,IDN
CMR,IRN
CMR,KGZ
CMR,LSO
CMR,LTU
CMR,MDG
CMR,MLI
CMR,MMR
CMR,MNG
CMR,MYS
CMR,OMN
CMR,QAT
CMR,RWA
CMR,SEN
CMR,SVN
CMR,VNM
CMR,ZWE
COG,AFG
COG,ARG
COG,BDI
COG,BFA
COG,BGD
COG,BGR
COG,BOL
COG,BRA
COG,BWA
COG,COM
COG,CZE
COG,DNK
COG,FIN
COG,GTM
COG,HTI
COG,IRN
COG,JAM
COG,KGZ
COG,LSO
COG,LUX
COG,LVA
COG,MDA
COG,MKD
COG,MLI
COG,MMR
COG,MWI
COG,MYS
COG,NGA
COG,PER
COG,POL
COG,QAT
COG,RUS
COG,RWA
COG,SVK
COG,THA
COG,UZB
COG,ZWE
COL,AFG
COL,AGO
COL,ARE
COL,BDI
COL,CZE
COL,ESP
COL,GRC
COL,IRL
COL,KHM
COL,LBR
COL,LVA
COL,MLI
COL,PHL
COL,SDN
COL,SWZ
COL,TJK
COL,TKM
COL,ZMB
COL,ZWE
COM,ALB
COM,ARG
COM,AZE
COM,CRI
COM,DNK
COM,DOM
COM,DZA
COM,ESP
COM,ETH
COM,FIN
COM,GTM
COM,IND
COM,ISR
COM,JAM
COM,KOR
COM,LBN
COM,LUX
COM,MEX
COM,MLT
COM,MNG
COM,MWI
COM,NER
COM,NIC
COM,PRY
COM,QAT
COM,SDN
COM,SWZ
COM,TJK
COM,TZA
COM,UGA
COM,UKR
COM,ZMB
CRI,ALB
CRI,BDI
CRI,BFA
CRI,BHR
CRI,BWA
CRI,COM
CRI,DZA
CRI,ETH
CRI,GEO
CRI,HUN
CRI,MRT
CRI,NER
CRI,POL
CRI,SWE
CRI,TKM
CRI,UZB
CRI,YEM
CRI,ZWE
CYP,ARG
CYP,AZE
CYP,BLR
CYP,BOL
CYP,CAF
CYP,CHE
CYP,CRI
CYP,EGY
CYP,HRV
CYP,IRN
CYP,KAZ
CYP,LBR
CYP,MDG
CYP,MRT
CYP,MWI
CYP,NZL
CYP,SLE
CYP,TCD
CYP,UZB
CZE,ARM
CZE,CAF
CZE,COL
CZE,GIN
CZE,HND
CZE,JAM
CZE,KHM
CZE,LTU
CZE,MRT
CZE,MUS
CZE,NPL
CZE,OMN
CZE,PAN
CZE,PRY
CZE,SUR
CZE,SVN
CZE,TJK
CZE,TUN
CZE,ZWE
DEU,LVA
DEU,ZWE
DNK,AGO
DNK,ARG
DNK,CHE
DNK,CYP
DNK,DOM
DNK,JAM
DNK,LBY
DNK,LVA
DNK,NER
DNK,PRY
DNK,TGO
DNK,ZWE
DOM,ARE
DOM,AUT
DOM,BDI
DOM,BEN
DOM,BWA
DOM,CAF
DOM,CMR
DOM,CYP
DOM,ETH
DOM,LBR
DOM,LUX
DOM,MDA
DOM,MLT
DOM,MNG
DOM,MRT
DOM,MWI
DOM,NOR
DOM,NPL
DOM,POL
DOM,TUR
DOM,UKR
DOM,UZB
DOM,VNM
DOM,ZWE
DZA,AZE
DZA,BGD
DZA,BLR
DZA,COG
DZA,COM
DZA,CRI
DZA,IRN
DZA,ISL
DZA,LSO
DZA,MNG
DZA,SWZ
DZA,TZA
DZA,UGA
DZA,ZMB
ECU,AGO
ECU,AUS
ECU,AUT
ECU,BEN
ECU,BFA
ECU,BHR
ECU,DNK
ECU,DZA
ECU,JOR
ECU,KEN
ECU,LSO
ECU,MEX
ECU,MLI
ECU,MOZ
ECU,NER
ECU,QAT
ECU,SWZ
ECU,TGO
ECU,TTO
ECU,ZWE
EGY,BIH
EGY,GEO
EGY,HND
EGY,ISL
EGY,LSO
EGY,MKD
EGY,MWI
EGY,PHL
EGY,UKR
ESP,BWA
ESP,COM
ESP,HND
ESP,HTI
ESP,ISR
ESP,MDG
ESP,MEX
ESP,MUS
ESP,MWI
ESP,NPL
ESP,RWA
ESP,SWZ
ESP,UGA
ESP,ZWE
EST,BFA
EST,BGD
EST,CAF
EST,CHL
EST,CRI
EST,GIN
EST,IND
EST,LTU
EST,MKD
EST,NZL
EST,SWZ
EST,UGA
EST,ZAF
ETH,ALB
ETH,AZE
ETH,BLR
ETH,DEU
ETH,HRV
ETH,KHM
ETH,LBR
ETH,OMN
ETH,PAK
ETH,QAT
ETH,THA
FIN,BEN
FIN,BGD
FIN,CYP
FIN,GEO
FIN,GHA
FIN,JOR
FIN,KEN
FIN,LBN
FIN,LBR
FIN,LSO
FIN,MLI
FIN,MNG
FIN,MUS
FIN,MWI
FIN,NPL
FIN,SDN
FIN,SVK
FIN,SWZ
FIN,ZWE
FRA,AZE
FRA,BHR
FRA,IRN
FRA,KOR
FRA,MNG
FRA,NIC
FRA,TTO
GAB,ARE
GAB,BIH
GAB,BLR
GAB,BWA
GAB,CAF
GAB,CAN
GAB,CHE
GAB,COL
GAB,DNK
GAB,IDN
GAB,IRL
GAB,JOR
GAB,KAZ
GAB,LBN
GAB,LUX
GAB,MDA
GAB,MKD
GAB,MMR
GAB,MYS
GAB,PHL
GAB,QAT
GAB,RUS
GAB,SVN
GAB,TJK
GAB,TUR
GAB,YEM
GBR,AZE
GBR,BFA
GBR,CAF
GBR,GAB
GBR,HUN
GBR,IRL
GBR,IRN
GBR,MDA
GBR,MLI
GBR,MRT
GBR,TTO
GEO,AFG
GEO,ARG
GEO,AUT
GEO,BDI
GEO,BGD
GEO,BLR
GEO,BWA
GEO,COM
GEO,GIN
GEO,JPN
GEO,LSO
GEO,MMR
GEO,MYS
GEO,NIC
GEO,PAK
GEO,TCD
GEO,TUN
GEO,VNM
GHA,AZE
GHA,BOL
GHA,CMR
GHA,COL
GHA,EST
GHA,MDA
GHA,MDG
GHA,MUS
GHA,RWA
GHA,URY
GIN,AFG
GIN,ARE
GIN,BIH
GIN,CHE
GIN,COL
GIN,DNK
GIN,ECU
GIN,IND
GIN,IRL
GIN,IRQ
GIN,ITA
GIN,KOR
GIN,KWT
GIN,LKA
GIN,LSO
GIN,LTU
GIN,LUX
GIN,MEX
GIN,MLI
GIN,MYS
GIN,NER
GIN,NGA
GIN,NOR
GIN,PAK
GIN,PAN
GIN,PER
GIN,PRY
GIN,SVK
GIN,TKM
GIN,UGA
GRC,ARG
GRC,BDI
GRC,BHR
GRC,BIH
GRC,CAF
GRC,ECU
GRC,HND
GRC,HUN
GRC,IRQ
GRC,JAM
GRC,KGZ
GRC,LSO
GRC,MUS
GRC,OMN
GRC,SVN
GRC,SWZ
GRC,TCD
GRC,TGO
GRC,TJK
GRC,ZWE
GTM,BDI
GTM,BOL
GTM,CZE
GTM,GAB
GTM,HRV
GTM,HUN
GTM,IDN
GTM,IRN
GTM,IRQ
GTM,KEN
GTM,KWT
GTM,LSO
GTM,MLI
GTM,MLT
GTM,MRT
GTM,PHL
GTM,PRT
GTM,QAT
GTM,TUR
GTM,TZA
GTM,ZMB
GTM,ZWE
HND,AUT
HND,AZE
HND,BGR
HND,BOL
HND,CAF
HND,COM
HND,GHA
HND,HTI
HND,ITA
HND,LTU
HND,LUX
HND,MAR
HND,MKD
HND,MMR
HND,PHL
HND,SWZ
HND,TGO
HND,TKM
HND,TZA
HND,UKR
HND,UZB
HND,YEM
HND,ZMB
HND,ZWE
HRV,AGO
HRV,ARM
HRV,BFA
HRV,BHR
HRV,BOL
HRV,CZE
HRV,IDN
HRV,KAZ
HRV,KGZ
HRV,MAR
HRV,MOZ
HRV,OMN
HRV,TJK
HRV,UGA
HRV,ZMB
HRV,ZWE
HTI,AFG
HTI,BDI
HTI,BEL
HTI,COG
HTI,CYP
HTI,DZA
HTI,ECU
HTI,EST
HTI,ETH
HTI,IND
HTI,IRL
HTI,IRQ
HTI,ISL
HTI,JOR
HTI,LKA
HTI,NPL
HTI,PAK
HTI,PHL
HTI,QAT
HTI,SDN
HTI,SLE
HTI,SVK
HTI,SWZ
HTI,TUR
HTI,UZB
HTI,ZAF
HUN,ARE
HUN,BEN
HUN,DOM
HUN,EST
HUN,ETH
HUN,HND
HUN,HTI
HUN,JAM
HUN,KHM
HUN,LSO
HUN,MMR
HUN,MOZ
HUN,MWI
HUN,NZL
HUN,OMN
HUN,TGO
HUN,TKM
HUN,URY
IDN,AGO
IDN,ALB
IDN,BEN
IDN,BWA
IDN,CAF
IDN,COM
IDN,GHA
IDN,GTM
IDN,LBR
IDN,MUS
IDN,MWI
IDN,NER
IDN,SEN
IDN,TGO
IDN,UGA
IND,AGO
IND,BWA
IND,EST
IND,GAB
IND,MRT
IND,NER
IND,SWZ
IND,TCD
IRL,ARM
IRL,AUT
IRL,AZE
IRL,BEN
IRL,BGR
IRL,CAF
IRL,CMR
IRL,ETH
IRL,KAZ
IRL,LBY
IRL,LUX
IRL,SDN
IRL,SWE
IRL,TKM
IRL,TTO
IRL,ZWE
IRN,AGO
IRN,BEN
IRN,BFA
IRN,CAF
IRN,COG
IRN,EST
IRN,FIN
IRN,ISL
IRN,LBR
IRN,LSO
IRN,MDA
IRN,MDG
IRN,NER
IRN,NOR
IRN,NPL
IRN,PRY
IRN,RWA
IRN,SUR
IRN,SVK
IRN,SWZ
IRN,ZAF
IRQ,AFG
IRQ,ARG
IRQ,BEL
IRQ,CAF
IRQ,COM
IRQ,CZE
IRQ,ECU
IRQ,ETH
IRQ,GHA
IRQ,KGZ
IRQ,LBR
IRQ,LBY
IRQ,LSO
IRQ,MWI
IRQ,OMN
IRQ,POL
IRQ,PRT
IRQ,SEN
IRQ,SUR
IRQ,SVN
IRQ,UGA
ISL,AGO
ISL,BGD
ISL,BGR
ISL,BHR
ISL,CAF
ISL,COM
ISL,CRI
ISL,CZE
ISL,DZA
ISL,EST
ISL,FRA
ISL,GEO
ISL,GRC
ISL,HRV
ISL,HUN
ISL,IDN
ISL,ISR
ISL,KAZ
ISL,LUX
ISL,MLI
ISL,MMR
ISL,MNG
ISL,MOZ
ISL,NER
ISL,NGA
ISL,SWZ
ISL,TKM
ISL,TUN
ISR,BDI
ISR,BOL
ISR,BRA
ISR,BWA
ISR,CAF
ISR,GAB
ISR,HTI
ISR,IDN
ISR,KGZ
ISR,MDG
ISR,MOZ
ISR,SLE
ISR,TCD
ISR,ZWE
ITA,BHR
ITA,CAF
ITA,ISR
ITA,MEX
ITA,MNG
ITA,MWI
ITA,TCD
ITA,TKM
JAM,AFG
JAM,ARM
JAM,AUS
JAM,BGR
JAM,CHE
JAM,COM
JAM,CZE
JAM,DZA
JAM,ETH
JAM,IDN
JAM,IRN
JAM,IRQ
JAM,ISL
JAM,ISR
JAM,KAZ
JAM,KGZ
JAM,KOR
JAM,LBN
JAM,LKA
JAM,MDA
JAM,MLT
JAM,MRT
JAM,OMN
JAM,POL
JAM,PRT
JAM,SDN
JAM,SLE
JAM,THA
JAM,UGA
JAM,ZMB
JAM,ZWE
JOR,BDI
JOR,BFA
JOR,DOM
JOR,HND
JOR,IRL
JOR,ISL
JOR,KGZ
JOR,LBR
JOR,LSO
JOR,MLT
JOR,MOZ
JOR,NER
JOR,PRY
JOR,SLE
JOR,TCD
JOR,TZA
JPN,AUT
JPN,CAF
JPN,COM
JPN,CYP
JPN,HRV
JPN,KHM
JPN,LBR
JPN,MKD
JPN,PER
JPN,SEN
JPN,SWZ
JPN,TGO
KAZ,AGO
KAZ,ARE
KAZ,ARG
KAZ,BEN
KAZ,BHR
KAZ,BIH
KAZ,CMR
KAZ,COG
KAZ,COM
KAZ,DNK
KAZ,ECU
KAZ,GHA
KAZ,IRL
KAZ,ITA
KAZ,JAM
KAZ,LVA
KAZ,MKD
KAZ,MRT
KAZ,MUS
KAZ,MWI
KAZ,PAK
KAZ,SDN
KAZ,SEN
KAZ,TGO
KAZ,YEM
KAZ,ZAF
KEN,BGR
KEN,ECU
KEN,GTM
KEN,JAM
KEN,KWT
KEN,MLT
KEN,NER
KEN,NPL
KEN,NZL
KEN,OMN
KEN,PAN
KEN,RWA
KEN,SVN
KEN,TTO
KGZ,ARM
KGZ,AUS
KGZ,BGR
KGZ,CHL
KGZ,CRI
KGZ,DNK
KGZ,ECU
KGZ,ETH
KGZ,FIN
KGZ,FRA
KGZ,GHA
KGZ,GRC
KGZ,HND
KGZ,IRL
KGZ,JOR
KGZ,JPN
KGZ,KEN
KGZ,MDG
KGZ,MEX
KGZ,MKD
KGZ,NGA
KGZ,NPL
KGZ,OMN
KGZ,PHL
KGZ,SEN
KGZ,SWE
KGZ,TJK
KGZ,TTO
KHM,ARG
KHM,AZE
KHM,BGD
KHM,COL
KHM,COM
KHM,ETH
KHM,FRA
KHM,GAB
KHM,GRC
KHM,HTI
KHM,LVA
KHM,MKD
KHM,MNG
KHM,MYS
KHM,PAN
KHM,PRT
KHM,RWA
KHM,TJK
KHM,UGA
KHM,UKR
KHM,ZWE
KOR,ARM
KOR,AUT
KOR,BDI
KOR,BFA
KOR,BLR
KOR,HRV
KOR,KGZ
KOR,MLT
KOR,MWI
KOR,TGO
KOR,TTO
KOR,ZMB
KOR,ZWE
KWT,BDI
KWT,FIN
KWT,GIN
KWT,HND
KWT,HTI
KWT,IRL
KWT,ISL
KWT,ISR
KWT,MKD
KWT,MLI
KWT,MLT
KWT,MNG
KWT,NER
KWT,NIC
KWT,PAK
KWT,RWA
KWT,SLE
KWT,SWZ
KWT,TGO
KWT,TKM
KWT,UGA
KWT,VNM
LBN,AGO
LBN,COM
LBN,FIN
LBN,GTM
LBN,ISR
LBN,LSO
LBN,MDG
LBN,NER
LBN,NPL
LBN,PER
LBN,SEN
LBN,TGO
LBN,UKR
LBN,URY
LBN,ZAF
LBR,AUS
LBR,BGR
LBR,BHR
LBR,BWA
LBR,CHE
LBR,CRI
LBR,DNK
LBR,DZA
LBR,EST
LBR,ETH
LBR,FIN
LBR,GTM
LBR,IRQ
LBR,KGZ
LBR,MKD
LBR,MYS
LBR,NER
LBR,NPL
LBR,PAN
LBR,RUS
LBR,SDN
LBR,THA
LBR,TUR
LBR,UZB
LBR,ZWE
LBY,CAF
LBY,ESP
LBY,IRN
LBY,LKA
LBY,LUX
LBY,MNG
LBY,NOR
LBY,NZL
LBY,SWE
LBY,TGO
LBY,TZA
LKA,BFA
LKA,BGR
LKA,CHL
LKA,DNK
LKA,DZA
LKA,GTM
LKA,IRL
LKA,KGZ
LKA,LBN
LKA,NIC
LKA,NZL
LKA,PHL
LKA,SEN
LKA,SWE
LKA,TTO
LKA,TUN
LKA,TZA
LKA,ZMB
LSO,AFG
LSO,ALB
LSO,ARG
LSO,ARM
LSO,AUS
LSO,BDI
LSO,BGD
LSO,BGR
LSO,BHR
LSO,BIH
LSO,BRA
LSO,CHE
LSO,CMR
LSO,COG
LSO,ECU
LSO,ESP
LSO,EST
LSO,GAB
LSO,GIN
LSO,GTM
LSO,HUN
LSO,IRN
LSO,IRQ
LSO,ISL
LSO,JOR
LSO,JPN
LSO,KAZ
LSO,KEN
LSO,LBN
LSO,LKA
LSO,MAR
LSO,MYS
LSO,NER
LSO,NIC
LSO,PER
LSO,PHL
LSO,SWZ
LSO,TGO
LSO,TTO
LSO,TUR
LSO,URY
LSO,VNM
LSO,YEM
LSO,ZWE
LTU,ARG
LTU,BDI
LTU,BEN
LTU,BFA
LTU,BWA
LTU,CAN
LTU,CHL
LTU,COM
LTU,GIN
LTU,KGZ
LTU,MEX
LTU,MKD
LTU,MWI
LTU,NPL
LTU,PRY
LTU,RUS
LTU,TTO
LTU,TUN
LTU,ZMB
LUX,BHR
LUX,BLR
LUX,COG
LUX,CYP
LUX,GAB
LUX,GHA
LUX,HND
LUX,IND
LUX,ISL
LUX,ITA
LUX,KGZ
LUX,KOR
LUX,KWT
LUX,LBY
LUX,LKA
LUX,LVA
LUX,MOZ
LUX,MUS
LUX,NIC
LUX,OMN
LUX,PAK
LUX,PHL
LUX,QAT
LUX,SLE
LUX,SWE
LUX,THA
LUX,TKM
LUX,TUR
LUX,TZA
LUX,YEM
LUX,ZWE
LVA,ARE
LVA,BGR
LVA,BHR
LVA,BOL
LVA,CHL
LVA,GAB
LVA,GIN
LVA,IND
LVA,IRQ
LVA,ISL
LVA,JPN
LVA,KWT
LVA,LBN
LVA,MKD
LVA,MOZ
LVA,NIC
LVA,PAK
LVA,PRY
LVA,QAT
LVA,SAU
LVA,TCD
LVA,THA
LVA,ZAF
LVA,ZMB
MAR,AFG
MAR,ALB
MAR,AUS
MAR,AUT
MAR,BOL
MAR,CAN
MAR,CRI
MAR,GIN
MAR,HTI
MAR,JAM
MAR,LSO
MAR,LUX
MAR,MNG
MAR,PRY
MAR,TJK
MDA,AFG
MDA,BEN
MDA,BOL
MDA,BRA
MDA,CAF
MDA,CHE
MDA,DOM
MDA,ETH
MDA,GEO
MDA,IRL
MDA,IRN
MDA,JAM
MDA,LBY
MDA,MEX
MDA,MKD
MDA,PAN
MDA,PER
MDA,PHL
MDA,QAT
MDA,SAU
MDA,SEN
MDA,SVN
MDA,TCD
MDA,TTO
MDA,TZA
MDA,UGA
MDA,ZWE
MDG,ARG
MDG,BDI
MDG,BOL
MDG,CYP
MDG,CZE
MDG,DEU
MDG,DOM
MDG,GBR
MDG,HRV
MDG,IRQ
MDG,KGZ
MDG,KHM
MDG,KWT
MDG,LBR
MDG,LSO
MDG,MNG
MDG,NER
MDG,NGA
MDG,PAN
MDG,PRT
MDG,SVK
MDG,TGO
MDG,TJK
MDG,TTO
MDG,URY
MDG,UZB
MEX,BDI
MEX,BFA
MEX,EST
MEX,JOR
MEX,KWT
MEX,LVA
MEX,MLI
MEX,MNG
MEX,NGA
MEX,PER
MEX,RWA
MEX,SEN
MEX,SGP
MEX,TGO
MEX,UZB
MEX,ZMB
MEX,ZWE
MKD,ARG
MKD,AUS
MKD,BHR
MKD,BWA
MKD,COM
MKD,DZA
MKD,ESP
MKD,FIN
MKD,GAB
MKD,GRC
MKD,HTI
MKD,IDN
MKD,ITA
MKD,KEN
MKD,LBN
MKD,LTU
MKD,LUX
MKD,MLI
MKD,MLT
MKD,MYS
MKD,SDN
MKD,SLE
MKD,TZA
MKD,VNM
MLI,ARM
MLI,COG
MLI,CRI
MLI,CYP
MLI,DOM
MLI,ESP
MLI,FIN
MLI,GAB
MLI,GBR
MLI,GEO
MLI,GTM
MLI,HTI
MLI,IRL
MLI,ITA
MLI,JOR
MLI,JPN
MLI,LKA
MLI,MKD
MLI,MOZ
MLI,NLD
MLI,PAK
MLI,PAN
MLI,SAU
MLI,TTO
MLT,AGO
MLT,AZE
MLT,CHE
MLT,CMR
MLT,COG
MLT,COL
MLT,EST
MLT,GHA
MLT,GIN
MLT,JOR
MLT,JPN
MLT,KGZ
MLT,KOR
MLT,LBN
MLT,MAR
MLT,MDA
MLT,MMR
MLT,MNG
MLT,MOZ
MLT,MUS
MLT,MWI
MLT,NZL
MLT,PRY
MLT,THA
MLT,UGA
MLT,ZWE
MMR,ARG
MMR,AZE
MMR,BRA
MMR,CAF
MMR,COM
MMR,CRI
MMR,CZE
MMR,DEU
MMR,DZA
MMR,GRC
MMR,IRQ
MMR,MNG
MMR,MOZ
MMR,SDN
MMR,SLE
MMR,TUN
MNG,ARG
MNG,BEL
MNG,BEN
MNG,BHR
MNG,BLR
MNG,COL
MNG,DNK
MNG,EGY
MNG,GIN
MNG,HRV
MNG,ISL
MNG,ITA
MNG,LKA
MNG,MEX
MNG,MYS
MNG,NIC
MNG,PRY
MNG,RUS
MNG,SWE
MNG,TGO
MNG,UKR
MNG,UZB
MOZ,AFG
MOZ,BIH
MOZ,BLR
MOZ,COM
MOZ,DOM
MOZ,GHA
MOZ,GIN
MOZ,HUN
MOZ,IDN
MOZ,ISL
MOZ,KAZ
MOZ,KWT
MOZ,LSO
MOZ,MKD
MOZ,MMR
MOZ,MNG
MOZ,MYS
MOZ,NER
MOZ,NZL
MOZ,RWA
MOZ,SUR
MOZ,SVK
MRT,ALB
MRT,ARG
MRT,BFA
MRT,BHR
MRT,BIH
MRT,BLR
MRT,CAF
MRT,ITA
MRT,JAM
MRT,LKA
MRT,MDA
MRT,MLT
MRT,OMN
MRT,PER
MRT,POL
MRT,SAU
MRT,TUR
MRT,UGA
MRT,UKR
MRT,URY
MRT,UZB
MRT,ZWE
MUS,ARG
MUS,BEN
MUS,BFA
MUS,COL
MUS,DNK
MUS,DOM
MUS,FIN
MUS,HUN
MUS,ISR
MUS,ITA
MUS,JAM
MUS,KEN
MUS,KHM
MUS,KWT
MUS,LKA
MUS,MDA
MUS,MLI
MUS,MLT
MUS,NPL
MUS,NZL
MUS,PER
MUS,PHL
MUS,PRT
MUS,QAT
MUS,RWA
MUS,SDN
MUS,URY
MUS,VNM
MWI,ARG
MWI,BHR
MWI,BIH
MWI,BWA
MWI,CHE
MWI,COG
MWI,COL
MWI,COM
MWI,CRI
MWI,CYP
MWI,DNK
MWI,DOM
MWI,ESP
MWI,ETH
MWI,FIN
MWI,GRC
MWI,IRQ
MWI,ITA
MWI,KOR
MWI,LVA
MWI,MDG
MWI,MEX
MWI,MLI
MWI,MMR
MWI,MNG
MWI,NER
MWI,PAK
MWI,PHL
MWI,SVN
MWI,SWE
MWI,TKM
MWI,TTO
MYS,ARM
MYS,BDI
MYS,BEN
MYS,BFA
MYS,BWA
MYS,CAF
MYS,ECU
MYS,HND
MYS,ISR
MYS,LBR
MYS,MDA
MYS,MOZ
MYS,NER
MYS,SVN
MYS,SWZ
MYS,TCD
MYS,TJK
MYS,TUN
MYS,UZB
NER,ALB
NER,ARE
NER,ARG
NER,AUS
NER,BFA
NER,BGR
NER,BHR
NER,BIH
NER,ESP
NER,FRA
NER,HRV
NER,ISR
NER,ITA
NER,JAM
NER,LBN
NER,MDA
NER,MUS
NER,MYS
NER,PAN
NER,PHL
NER,QAT
NER,RWA
NER,SDN
NER,SEN
NER,UKR
NGA,ARE
NGA,ARG
NGA,ARM
NGA,BDI
NGA,BHR
NGA,BWA
NGA,COL
NGA,CRI
NGA,ECU
NGA,EST
NGA,GTM
NGA,ITA
NGA,JOR
NGA,KGZ
NGA,LBR
NGA,MUS
NGA,MWI
NGA,NIC
NGA,RWA
NGA,SGP
NIC,AFG
NIC,AGO
NIC,BWA
NIC,CAF
NIC,DZA
NIC,GRC
NIC,IRQ
NIC,ITA
NIC,JOR
NIC,LBN
NIC,LBR
NIC,LSO
NIC,LUX
NIC,LVA
NIC,MAR
NIC,MDG
NIC,MKD
NIC,MRT
NIC,PAN
NIC,PRT
NIC,QAT
NIC,SAU
NIC,UZB
NIC,YEM
NLD,BDI
NLD,BWA
NLD,MLT
NOR,BEN
NOR,BFA
NOR,BGD
NOR,BHR
NOR,CMR
NOR,COM
NOR,ECU
NOR,GEO
NOR,GIN
NOR,JAM
NOR,MDG
NOR,MNG
NOR,MRT
NOR,NER
NOR,SEN
NOR,SLE
NOR,SVK
NOR,TZA
NPL,ALB
NPL,ARM
NPL,BEN
NPL,BGD
NPL,BGR
NPL,BWA
NPL,CAF
NPL,COG
NPL,COM
NPL,CZE
NPL,FIN
NPL,GTM
NPL,IDN
NPL,ITA
NPL,JAM
NPL,KGZ
NPL,KHM
NPL,LKA
NPL,MAR
NPL,OMN
NPL,PAN
NPL,PER
NPL,PRT
NPL,SVN
NPL,TUN
NPL,TZA
NZL,ARM
NZL,AZE
NZL,BDI
NZL,BIH
NZL,EST
NZL,GEO
NZL,HTI
NZL,ISL
NZL,KEN
NZL,MLI
NZL,MOZ
NZL,PRT
NZL,PRY
NZL,RWA
NZL,SEN
NZL,SUR
NZL,SVK
NZL,SWZ
NZL,ZMB
OMN,AZE
OMN,BDI
OMN,BHR
OMN,CAF
OMN,CMR
OMN,COL
OMN,DNK
OMN,ETH
OMN,GHA
OMN,ISL
OMN,KGZ
OMN,LSO
OMN,LVA
OMN,MKD
OMN,MNG
OMN,MUS
OMN,NOR
OMN,SVK
OMN,SVN
OMN,UKR
OMN,ZMB
PAK,ALB
PAK,AUS
PAK,BEN
PAK,BWA
PAK,CAF
PAK,COG
PAK,COL
PAK,COM
PAK,DOM
PAK,GAB
PAK,GHA
PAK,HND
PAK,IND
PAK,ISR
PAK,KHM
PAK,LUX
PAK,MDG
PAK,NPL
PAK,NZL
PAK,PAN
PAK,PER
PAK,SUR
PAK,ZAF
PAN,AGO
PAN,ARE
PAN,AUT
PAN,CAF
PAN,CAN
PAN,CHE
PAN,CZE
PAN,GIN
PAN,HRV
PAN,IDN
PAN,IRN
PAN,JOR
PAN,KGZ
PAN,LSO
PAN,NZL
PAN,PHL
PAN,QAT
PAN,SEN
PAN,SVN
PAN,TCD
PAN,TGO
PAN,THA
PAN,TJK
PAN,TUN
PAN,UZB
PER,AFG
PER,ARE
PER,AZE
PER,BLR
PER,BWA
PER,CAF
PER,DNK
PER,EST
PER,GAB
PER,GHA
PER,GIN
PER,JOR
PER,KEN
PER,KGZ
PER,LKA
PER,MDG
PER,MWI
PER,NGA
PER,NOR
PER,PHL
PER,SAU
PER,TTO
PER,TUN
PER,TUR
PHL,BDI
PHL,BFA
PHL,CAF
PHL,CAN
PHL,GAB
PHL,GEO
PHL,GIN
PHL,KEN
PHL,KWT
PHL,LBR
PHL,LSO
PHL,LTU
PHL,MDG
PHL,MOZ
PHL,MUS
PHL,PRY
PHL,TCD
PHL,TJK
PHL,TUN
PHL,UGA
PHL,ZWE
POL,BDI
POL,BEN
POL,BFA
POL,CAF
POL,COM
POL,HTI
POL,KOR
POL,MRT
POL,MWI
POL,NER
POL,SWZ
POL,TGO
POL,TJK
POL,UGA
POL,ZMB
PRT,AFG
PRT,CAF
PRT,GIN
PRT,JAM
PRT,MLI
PRT,NER
PRT,NPL
PRT,RWA
PRT,SWZ
PRT,TUN
PRY,ALB
PRY,ARE
PRY,BHR
PRY,BIH
PRY,DNK
PRY,EST
PRY,FIN
PRY,FRA
PRY,GBR
PRY,GEO
PRY,GIN
PRY,IND
PRY,ISR
PRY,ITA
PRY,KGZ
PRY,KHM
PRY,LBY
PRY,LSO
PRY,LUX
PRY,MDA
PRY,NOR
PRY,NZL
PRY,PAK
PRY,PHL
PRY,PRT
PRY,RWA
PRY,SGP
PRY,SWE
QAT,BEN
QAT,BGR
QAT,BOL
QAT,BWA
QAT,CAF
QAT,CHL
QAT,CMR
QAT,COM
QAT,GTM
QAT,HRV
QAT,HTI
QAT,ISL
QAT,ISR
QAT,LUX
QAT,LVA
QAT,MDA
QAT,MLT
QAT,MWI
QAT,SVK
QAT,TCD
QAT,YEM
QAT,ZMB
RUS,BFA
RUS,BLR
RUS,COM
RUS,GTM
RUS,LBR
RUS,MKD
RUS,MWI
RUS,NER
RUS,NGA
RUS,NIC
RUS,SWZ
RUS,TTO
RWA,AGO
RWA,ARG
RWA,BFA
RWA,BGD
RWA,BHR
RWA,BIH
RWA,CAF
RWA,CAN
RWA,CHE
RWA,CHL
RWA,COL
RWA,CYP
RWA,ECU
RWA,GEO
RWA,HND
RWA,HRV
RWA,IND
RWA,IRN
RWA,IRQ
RWA,ISL
RWA,ISR
RWA,JOR
RWA,LBN
RWA,LKA
RWA,LTU
RWA,LVA
RWA,MAR
RWA,MLI
RWA,MLT
RWA,MNG
RWA,MUS
RWA,OMN
RWA,PAN
RWA,PER
RWA,PRY
RWA,QAT
RWA,SAU
RWA,TJK
RWA,TTO
RWA,UZB
SAU,BFA
SAU,BGR
SAU,BWA
SAU,CAF
SAU,COL
SAU,ECU
SAU,EST
SAU,HTI
SAU,ISL
SAU,MDA
SAU,MKD
SAU,MUS
SAU,RWA
SAU,SUR
SAU,SWZ
SAU,TJK
SDN,ARE
SDN,AUS
SDN,AUT
SDN,BDI
SDN,BFA
SDN,CAF
SDN,EST
SDN,GTM
SDN,HTI
SDN,KGZ
SDN,LTU
SDN,MEX
SDN,MMR
SDN,MNG
SDN,MUS
SDN,NPL
SDN,POL
SDN,SEN
SDN,SVN
SDN,SWE
SDN,TCD
SDN,TZA
SEN,ALB
SEN,AUS
SEN,FRA
SEN,GRC
SEN,GTM
SEN,HND
SEN,HUN
SEN,IRQ
SEN,LSO
SEN,MDA
SEN,MNG
SEN,MWI
SEN,NER
SEN,NIC
SEN,NZL
SEN,PAK
SEN,PHL
SEN,POL
SEN,PRY
SEN,TGO
SEN,TTO
SEN,TZA
SEN,URY
SEN,ZMB
SGP,ARG
SGP,AZE
SGP,BEN
SGP,BIH
SGP,EST
SGP,ETH
SGP,FIN
SGP,GHA
SGP,LBN
SGP,NIC
SGP,SLE
SGP,TGO
SGP,TKM
SGP,TTO
SGP,TZA
SLE,AZE
SLE,BEN
SLE,BLR
SLE,CRI
SLE,DNK
SLE,ESP
SLE,GTM
SLE,HRV
SLE,HTI
SLE,ISR
SLE,JPN
SLE,KAZ
SLE,KEN
SLE,KOR
SLE,MKD
SLE,UGA
SLE,ZAF
SUR,AUT
SUR,BEN
SUR,BGR
SUR,COG
SUR,CRI
SUR,CYP
SUR,DEU
SUR,DOM
SUR,ECU
SUR,EGY
SUR,GEO
SUR,HND
SUR,IRL
SUR,JOR
SUR,KAZ
SUR,LBN
SUR,MAR
SUR,MKD
SUR,MLI
SUR,MRT
SUR,MUS
SUR,NOR
SUR,RWA
SUR,SWE
SUR,TTO
SUR,TUN
SUR,URY
SVK,AFG
SVK,ARE
SVK,BEN
SVK,BHR
SVK,COG
SVK,DNK
SVK,DOM
SVK,GHA
SVK,IND
SVK,JAM
SVK,KEN
SVK,LTU
SVK,MUS
SVK,MYS
SVK,NIC
SVK,PHL
SVK,SEN
SVK,SVN
SVK,UGA
SVK,VNM
SVK,YEM
SVK,ZAF
SVK,ZWE
SVN,BHR
SVN,CMR
SVN,DOM
SVN,IRQ
SVN,MLI
SVN,MNG
SVN,MWI
SVN,RWA
SVN,SWE
SVN,SWZ
SVN,TCD
SVN,TTO
SVN,UGA
SWE,AFG
SWE,AZE
SWE,BDI
SWE,BLR
SWE,BOL
SWE,BWA
SWE,CZE
SWE,ECU
SWE,ETH
SWE,GHA
SWE,HTI
SWE,KAZ
SWE,KHM
SWE,MDG
SWE,MRT
SWE,TGO
SWE,UGA
SWZ,AFG
SWZ,AGO
SWZ,ARM
SWZ,AZE
SWZ,BDI
SWZ,BEN
SWZ,BRA
SWZ,CHL
SWZ,COG
SWZ,DZA
SWZ,ECU
SWZ,FIN
SWZ,GIN
SWZ,GRC
SWZ,GTM
SWZ,IRN
SWZ,IRQ
SWZ,ISL
SWZ,ISR
SWZ,KGZ
SWZ,LBN
SWZ,MDG
SWZ,MUS
SWZ,NER
SWZ,NGA
SWZ,NIC
SWZ,NOR
SWZ,OMN
SWZ,PAK
SWZ,POL
SWZ,SVN
SWZ,TKM
SWZ,TTO
SWZ,TUN
SWZ,UKR
SWZ,ZMB
TCD,AFG
TCD,AUS
TCD,AUT
TCD,BEL
TCD,BEN
TCD,BFA
TCD,BHR
TCD,DNK
TCD,DOM
TCD,ESP
TCD,GBR
TCD,GTM
TCD,HND
TCD,HTI
TCD,IND
TCD,IRQ
TCD,JOR
TCD,JPN
TCD,KAZ
TCD,KHM
TCD,LBN
TCD,LVA
TCD,MYS
TCD,NGA
TCD,NOR
TCD,PER
TCD,SEN
TCD,THA
TCD,UKR
TCD,USA
TCD,VNM
TCD,ZAF
TGO,AZE
TGO,CAF
TGO,CYP
TGO,CZE
TGO,ECU
TGO,GBR
TGO,GRC
TGO,HTI
TGO,ISL
TGO,KAZ
TGO,KHM
TGO,LKA
TGO,LUX
TGO,LVA
TGO,MLI
TGO,MMR
TGO,MWI
TGO,NPL
TGO,QAT
TGO,SAU
TGO,SEN
TGO,SWZ
TGO,THA
TGO,TKM
TGO,TUR
TGO,ZAF
THA,ALB
THA,ARM
THA,COM
THA,CRI
THA,CYP
THA,GHA
THA,GTM
THA,JOR
THA,LSO
THA,MKD
THA,MLI
THA,MRT
THA,MWI
THA,NER
THA,NZL
THA,PAN
THA,PRT
THA,PRY
THA,SUR
THA,SWZ
THA,TJK
THA,TTO
THA,TZA
THA,URY
THA,ZMB
TJK,ARM
TJK,AUS
TJK,BDI
TJK,BEL
TJK,BEN
TJK,BHR
TJK,CAF
TJK,CHE
TJK,ECU
TJK,ESP
TJK,FIN
TJK,GHA
TJK,HTI
TJK,IDN
TJK,JOR
TJK,MLT
TJK,NPL
TJK,PAN
TJK,QAT
TJK,SDN
TJK,SEN
TJK,SWZ
TJK,TCD
TJK,TTO
TJK,TZA
TJK,ZWE
TKM,ARG
TKM,BHR
TKM,CAF
TKM,COG
TKM,CRI
TKM,EGY
TKM,FIN
TKM,FRA
TKM,GTM
TKM,JAM
TKM,JOR
TKM,LKA
TKM,MDA
TKM,MDG
TKM,MLT
TKM,MUS
TKM,MWI
TKM,NZL
TKM,PAK
TKM,RWA
TKM,SEN
TKM,SUR
TKM,SWZ
TKM,TJK
TKM,TUN
TKM,UZB
TTO,AGO
TTO,ARM
TTO,BFA
TTO,BGD
TTO,BIH
TTO,BOL
TTO,CZE
TTO,DNK
TTO,GAB
TTO,HUN
TTO,LBN
TTO,LUX
TTO,MKD
TTO,OMN
TTO,PAK
TTO,PER
TTO,POL
TTO,QAT
TTO,RUS
TTO,SEN
TTO,SGP
TTO,THA
TTO,TKM
TTO,TUN
TTO,UGA
TUN,AUT
TUN,AZE
TUN,BDI
TUN,BLR
TUN,DOM
TUN,MNG
TUN,NGA
TUN,NIC
TUN,PHL
TUN,SUR
TUN,SVK
TUN,TTO
TUN,URY
TUN,VNM
TUN,ZMB
TUR,AGO
TUR,BDI
TUR,BWA
TUR,CAF
TUR,CMR
TUR,COG
TUR,COM
TUR,CRI
TUR,HND
TUR,HRV
TUR,MKD
TUR,MOZ
TUR,MWI
TUR,NER
TUR,RUS
TUR,RWA
TUR,TCD
TUR,UZB
TUR,ZWE
TZA,ARM
TZA,AUS
TZA,AZE
TZA,CHE
TZA,CMR
TZA,COL
TZA,DNK
TZA,GEO
TZA,ISR
TZA,LBY
TZA,LKA
TZA,MDG
TZA,MMR
TZA,MNG
TZA,NER
TZA,NPL
TZA,PAN
TZA,POL
TZA,QAT
TZA,SVN
TZA,TGO
TZA,TJK
TZA,UGA
UGA,ARG
UGA,ARM
UGA,BEN
UGA,BHR
UGA,CMR
UGA,COG
UGA,COM
UGA,CZE
UGA,HND
UGA,ISL
UGA,KWT
UGA,MDA
UGA,MDG
UGA,MLT
UGA,MRT
UGA,PAN
UGA,RUS
UGA,SUR
UGA,THA
UKR,BGD
UKR,BOL
UKR,CHL
UKR,KAZ
UKR,LKA
UKR,MMR
UKR,MRT
UKR,NER
UKR,NPL
UKR,SWZ
UKR,THA
UKR,ZMB
URY,AGO
URY,AUS
URY,BIH
URY,CAF
URY,CHE
URY,COM
URY,FIN
URY,HND
URY,ISL
URY,KAZ
URY,LSO
URY,LUX
URY,MLT
URY,MNG
URY,MRT
URY,NOR
URY,OMN
URY,SUR
URY,TKM
URY,UGA
USA,BGR
UZB,AGO
UZB,ARE
UZB,AUS
UZB,BEN
UZB,BRA
UZB,BWA
UZB,CMR
UZB,COG
UZB,COL
UZB,COM
UZB,IND
UZB,IRQ
UZB,ISL
UZB,JAM
UZB,KAZ
UZB,KWT
UZB,MAR
UZB,MKD
UZB,MLI
UZB,MLT
UZB,NPL
UZB,PAN
UZB,PER
UZB,PHL
UZB,QAT
UZB,RWA
UZB,SAU
UZB,SDN
UZB,SUR
UZB,SWE
UZB,THA
UZB,TJK
VNM,ARM
VNM,BOL
VNM,BWA
VNM,CAF
VNM,CAN
VNM,COM
VNM,CRI
VNM,GAB
VNM,LBN
VNM,LBR
VNM,LSO
VNM,MDA
VNM,MLI
VNM,NPL
VNM,NZL
VNM,SVK
YEM,ARG
YEM,AZE
YEM,BRA
YEM,DOM
YEM,FIN
YEM,HND
YEM,HTI
YEM,MUS
YEM,MWI
YEM,NIC
YEM,NZL
YEM,SEN
YEM,SLE
YEM,SVN
YEM,TKM
YEM,UKR
ZAF,BDI
ZAF,CAF
ZAF,GHA
ZAF,GIN
ZAF,JAM
ZAF,MNG
ZAF,QAT
ZAF,TZA
ZAF,UZB
ZMB,ARE
ZMB,ARG
ZMB,AUS
ZMB,CRI
ZMB,EST
ZMB,FRA
ZMB,GEO
ZMB,GHA
ZMB,GIN
ZMB,HTI
ZMB,IDN
ZMB,ISL
ZMB,ITA
ZMB,KHM
ZMB,LBN
ZMB,LKA
ZMB,LVA
ZMB,MDA
ZMB,NZL
ZMB,PAN
ZMB,PHL
ZMB,POL
ZMB,SWZ
ZMB,TCD
ZMB,TUN
ZMB,ZWE
ZWE,ARG
ZWE,BDI
ZWE,CYP
ZWE,CZE
ZWE,DOM
ZWE,IDN
ZWE,IRL
ZWE,ISL
ZWE,KHM
ZWE,LVA
ZWE,MDG
ZWE,MRT
ZWE,NIC
ZWE,NPL
ZWE,OMN
ZWE,PER
ZWE,POL
ZWE,SAU
ZWE,SEN
ZWE,SLE
ZWE,SUR
ZWE,SVN
ZWE,TJK
ZWE,TTO
ZWE,URY
