source,target,weight
AFG,TKM,0.189
AGO,JPN,1369.367
AGO,BEN,1700.981
AGO,KOR,1839.484
ALB,LBR,10.147
ALB,AZE,2.865
ALB,THA,3.508
ALB,SDN,0.818
ALB,ARM,46.472
ALB,SAU,21.362
ALB,MOZ,1.009
ALB,TUN,46.797
ALB,EST,46.589
ALB,LKA,2.176
ALB,PHL,36.563
ALB,KEN,10.836
ALB,COM,4.251
ALB,TGO,6.582
ALB,IRL,0.315
ALB,GEO,5.154999999999999
ALB,KOR,0.337
ALB,HND,0.002
ALB,SGP,31.638
ALB,AFG,0.739
ALB,SLE,22.012
ALB,ZAF,4.978
ALB,QAT,10.998
ALB,ARG,34.983
ALB,TTO,31.585
ALB,TZA,5.557
ALB,PAN,5.896
ALB,YEM,31.65
ARG,RWA,1523.98
ARG,BDI,670.265
ARG,BWA,1.4860000000000002
ARG,COM,245.616
ARG,ZMB,708.307
ARG,ETH,987.617
ARG,MMR,468.243
ARG,TJK,444.422
ARG,MWI,846.634
ARG,KGZ,1562.988
ARG,TCD,1500.085
ARG,CAF,97.5
ARM,JOR,0.048
ARM,NZL,0.66
ARM,KHM,0.098
ARM,ALB,12.9
ARM,BRA,0.475
ARM,OMN,0.12
ARM,DNK,35.866
ARM,PHL,1.0
ARM,KEN,33.0
ARM,UGA,6.96
ARM,ZWE,12.75
ARM,PRT,3.164
ARM,IRL,0.583
ARM,GHA,3.83
ARM,SLE,3.964
ARM,MYS,28.728
ARM,URY,4.59
ARM,ARG,2.0
ARM,TZA,19.953
ARM,NOR,20.832
ARM,MNG,10.795
ARM,FIN,0.616
ARM,MEX,0.003
AUS,LBR,2802.085
AUS,RWA,98.985
AUS,BDI,44.641000000000005
AUS,HRV,2642.625
AUS,MDA,115.467
AUS,ARM,1421.5140000000004
AUS,ALB,3181.562
AUS,BLR,336.154
AUS,TUN,3527.2950000000005
AUS,UGA,3245.740000000001
AUS,NER,310.727
AUS,MKD,1033.428
AUS,UZB,977.598
AUS,TKM,380.018
AUS,ZWE,1303.167
AUS,SVK,1843.535
AUS,TGO,3216.463
AUS,BEN,1427.04
AUS,HND,612.8260000000001
AUS,ETH,2964.5289999999995
AUS,HTI,1341.593
AUS,GAB,2592.776
AUS,CMR,2591.2200000000003
AUS,BOL,625.1
AUS,LBY,3231.0
AUS,TJK,420.54
AUS,SUR,2503.344
AUS,ISL,3193.525
AUS,KGZ,1333.7589999999998
AUS,NIC,413.858
AUS,SWZ,213.262
AUS,TCD,461.08
AUS,CAF,21.454
AUS,PRY,343.522
AUS,LUX,950.052
AUT,NPL,1911.7519999999995
AUT,LSO,1.392
AUT,RWA,270.341
AUT,BDI,165.304
AUT,KHM,1422.594
AUT,MOZ,2923.909
AUT,NER,686.6769999999999
AUT,COM,39.49
AUT,ZWE,1175.687
AUT,COG,2081.8590000000004
AUT,HTI,2269.1540000000005
AUT,SLE,557.2930000000001
AUT,MDG,1147.0780000000002
AUT,GIN,484.381
AUT,MWI,213.132
AUT,NIC,1631.6900000000005
AUT,SWZ,10.944
AUT,BFA,2552.307
AUT,CAF,114.42300000000002
AZE,JOR,57.832
AZE,NZL,55.129
AZE,ECU,0.502
AZE,HUN,35.257
AZE,NGA,28.800000000000004
AZE,ALB,9.8
AZE,MOZ,330.969
AZE,BRA,96.45
AZE,EST,663.762
AZE,JPN,439.752
AZE,PHL,646.4169999999999
AZE,UGA,0.306
AZE,AGO,2.066
AZE,SVK,146.109
AZE,IRL,42.42999999999999
AZE,BHR,7.93
AZE,COL,4.454
AZE,COG,25.953
AZE,GAB,10.491
AZE,AUS,106.936
AZE,GHA,66.293
AZE,CAN,225.70800000000003
AZE,SWE,601.081
AZE,SLE,32.661
AZE,LBY,0.76
AZE,PER,1.35
AZE,ZAF,0.01
AZE,QAT,24.258000000000003
AZE,KWT,60.132
AZE,TTO,0.52
AZE,TZA,3.439
AZE,SVN,6.257
AZE,NOR,269.2799999999999
AZE,MNG,483.588
AZE,FIN,69.012
AZE,LUX,130.914
AZE,MEX,32.264
AZE,PAN,46.389
AZE,PAK,7.332
BDI,NPL,2.266
BDI,ISR,3.515
BDI,NER,3.809
BDI,BIH,0.716
BDI,TGO,0.996
BDI,BEN,2.96
BDI,HND,1.746
BDI,EGY,5.592
BDI,ETH,1.774
BDI,GIN,3.047
BDI,MWI,4.868
BDI,NIC,1.17
BDI,NOR,0.496
BEL,NPL,4740.552
BEL,LSO,2200.804
BEL,COM,4605.691000000001
BEL,TJK,3079.126
BEL,SWZ,1648.342
BEN,RWA,6.334
BEN,ECU,0.127
BEN,MOZ,0.845
BEN,UGA,8.394
BEN,DZA,3.167
BEN,ZMB,4.223
BEN,CHL,6.335000000000001
BFA,JOR,33.605
BFA,AUT,9.768
BFA,NZL,4.598
BFA,HUN,4.392
BFA,DOM,1.401
BFA,KEN,4.392
BFA,BIH,1.74
BFA,IRL,0.155
BFA,KOR,12.291
BFA,IDN,1.75
BFA,COG,2.117
BFA,DZA,5.861
BFA,ETH,15.81
BFA,BGR,28.461
BFA,AUS,28.953
BFA,AFG,2.917
BFA,LBN,17.589
BFA,SWE,6.945
BFA,SLE,8.656
BFA,LBY,5.292
BFA,MDG,17.154
BFA,MRT,14.712
BFA,MWI,2.273
BFA,NIC,1.058
BFA,TCD,33.212
BGD,AZE,1.4700000000000002
BGD,LSO,0.54
BGD,RWA,115.256
BGD,ECU,207.609
BGD,BDI,45.572
BGD,MDA,134.992
BGD,BWA,0.214
BGD,ARM,7.748
BGD,ALB,127.775
BGD,ISR,392.22
BGD,JAM,199.302
BGD,NER,211.528
BGD,MKD,20.802
BGD,COM,68.645
BGD,IRQ,248.241
BGD,ZWE,8.632
BGD,BIH,413.378
BGD,KAZ,294.847
BGD,GEO,215.531
BGD,ZMB,218.582
BGD,HTI,118.782
BGD,MLI,305.182
BGD,BOL,49.184
BGD,MLT,332.2080000000001
BGD,TJK,195.275
BGD,MWI,89.762
BGD,ISL,85.059
BGD,NIC,437.863
BGD,BFA,102.666
BGD,TTO,135.00799999999998
BGD,TCD,188.917
BGD,CAF,41.109
BGD,MNG,381.224
BGR,NPL,324.04999999999995
BGR,RWA,0.417
BGR,BDI,4.737
BGR,BWA,2.673
BGR,KHM,291.932
BGR,JAM,235.808
BGR,NER,321.556
BGR,TGO,285.524
BGR,HND,11.347
BGR,HTI,337.905
BGR,MUS,254.435
BGR,GAB,327.169
BGR,BOL,152.578
BGR,CRI,285.388
BGR,MDG,83.862
BGR,SUR,288.238
BGR,NIC,54.844
BGR,URY,222.967
BGR,BFA,122.986
BGR,TTO,82.14600000000002
BGR,TCD,15.811
BGR,CAF,99.58
BGR,PRY,214.132
BHR,NPL,42.167
BHR,AUT,117.473
BHR,ECU,87.347
BHR,BDI,22.739
BHR,HRV,89.84799999999998
BHR,SEN,155.332
BHR,ZWE,113.983
BHR,IRL,175.125
BHR,KAZ,5.021
BHR,ETH,95.818
BHR,HTI,29.514
BHR,AFG,28.455
BHR,MMR,35.984
BHR,MLT,141.796
BHR,GHA,82.35300000000001
BHR,CHL,153.885
BHR,SVN,47.872
BHR,LUX,76.875
BHR,PAN,96.189
BIH,LBR,1.605
BIH,THA,31.128
BIH,NZL,22.236
BIH,ECU,8.872
BIH,VNM,45.686
BIH,BGD,40.665
BIH,NGA,40.097
BIH,ARM,84.024
BIH,SEN,20.227
BIH,BLR,4.972
BIH,TUN,97.441
BIH,OMN,39.578
BIH,KEN,43.117
BIH,UGA,0.086
BIH,GTM,19.695
BIH,AGO,105.885
BIH,ZWE,2.597
BIH,TGO,26.711
BIH,BHR,74.33500000000001
BIH,IDN,115.691
BIH,COG,47.107
BIH,ZMB,0.01
BIH,ETH,21.311
BIH,MLI,18.086
BIH,GAB,29.738
BIH,CMR,15.33
BIH,MMR,0.454
BIH,GHA,3.288
BIH,SLE,82.67299999999999
BIH,TJK,0.974
BIH,MRT,15.125
BIH,PER,24.185
BIH,SUR,25.463
BIH,ISL,2.505
BIH,KGZ,116.475
BIH,NIC,1.497
BIH,SWZ,86.047
BIH,URY,16.963
BIH,CHL,20.802
BIH,MNG,19.789
BIH,YEM,113.366
BLR,NPL,19.6
BLR,NZL,227.00000000000003
BLR,DOM,262.6
BLR,KHM,50.3
BLR,ALB,1.9
BLR,JAM,2.2
BLR,KEN,40.8
BLR,UGA,72.6
BLR,NER,3.6
BLR,ZWE,120.5
BLR,BHR,8.8
BLR,BEN,250.0
BLR,COG,558.5
BLR,BOL,45.5
BLR,MLT,71.2
BLR,SLE,125.3
BLR,LBY,179.89999999999998
BLR,MDG,654.6
BLR,SUR,264.3
BLR,MWI,0.7999999999999999
BLR,TTO,114.7
BLR,CAF,60.9
BLR,PAN,192.7
BOL,BDI,6.0
BOL,HUN,3.2675
BOL,GRC,88.0
BOL,HRV,163.0693
BOL,NGA,2.5746
BOL,SEN,3.738
BOL,UKR,141.437
BOL,ALB,69.84922999999999
BOL,SAU,111.03657
BOL,MOZ,22.69344
BOL,OMN,0.85589
BOL,PHL,51.1941
BOL,NER,36.9
BOL,LVA,128.60932
BOL,IRL,222.38296
BOL,KAZ,1.6787
BOL,BEN,125.27036
BOL,SGP,77.04867
BOL,ETH,51.0023
BOL,HTI,112.79405
BOL,CMR,38.632940000000005
BOL,CZE,9.83176
BOL,IRN,201.23417
BOL,MLT,25.2894
BOL,GHA,2.42548
BOL,LBN,82.87219999999999
BOL,MAR,214.18192
BOL,CYP,10.49271
BOL,ISL,10.44321
BOL,SWZ,5.195
BOL,KWT,1.87646
BOL,TZA,0.9775
BOL,CAF,21.313
BOL,FIN,211.25224
BOL,LTU,151.8091
BRA,NPL,460.147
BRA,RWA,1734.986
BRA,BDI,228.797
BRA,BWA,1269.82
BRA,NER,2053.839
BRA,COM,257.565
BRA,BIH,3425.678000000001
BRA,MWI,2356.154
BRA,SWZ,3604.023
BRA,TCD,2528.775
BRA,CAF,3063.173
BWA,JOR,93.103
BWA,AUT,22.795
BWA,RWA,2.007
BWA,NZL,1.6110000000000002
BWA,POL,2.87
BWA,SDN,14.402
BWA,BDI,47.612
BWA,HUN,70.601
BWA,GRC,0.232
BWA,NGA,123.798
BWA,ARM,0.423
BWA,SEN,50.232
BWA,SAU,117.563
BWA,JAM,0.286
BWA,BRA,146.887
BWA,LKA,3.142
BWA,OMN,0.06
BWA,DNK,21.362
BWA,PHL,1.167
BWA,KEN,183.25100000000003
BWA,UGA,72.95500000000003
BWA,GTM,0.49
BWA,RUS,9.908999999999995
BWA,SVK,3.12
BWA,BIH,2.166
BWA,IRL,158.26399999999998
BWA,KOR,0.675
BWA,COG,62.921
BWA,DZA,0.349
BWA,SGP,100.89600000000002
BWA,EGY,75.785
BWA,ETH,48.802
BWA,CMR,98.10200000000002
BWA,CZE,0.913
BWA,GHA,13.64
BWA,CAN,96.96999999999998
BWA,SWE,83.154
BWA,SLE,69.102
BWA,MAR,22.443
BWA,MYS,14.049
BWA,MRT,35.772
BWA,CYP,5.502
BWA,GIN,3.335
BWA,ISL,0.002
BWA,CHL,0.869
BWA,BFA,11.887
BWA,KWT,5.869
BWA,TTO,3.992
BWA,MNG,11.087
BWA,MEX,13.547
BWA,PAK,0.1709999999999999
CAF,UGA,3.756
CAF,CYP,0.467
CAF,YEM,1.805
CAN,NPL,6328.433999999999
CAN,LSO,58.221
CAN,RWA,1725.513
CAN,BDI,1077.4879999999998
CAN,MDA,1195.511
CAN,BWA,4761.909000000001
CAN,BLR,1951.801
CAN,COM,435.5229999999999
CAN,UZB,7423.177
CAN,BIH,4325.567
CAN,MUS,5283.043000000001
CAN,MMR,822.6940000000001
CAN,TJK,3674.504
CAN,MWI,4639.905000000002
CAN,SWZ,1329.1619999999998
CAN,TCD,2951.259
CAN,CAF,294.446
CHE,LSO,276.172
CHE,RWA,2332.777
CHE,BDI,1627.974
CHE,BWA,2848.691999999999
CHE,COM,57.411
CHE,HTI,3372.627000000001
CHE,MMR,2239.9860000000003
CHE,SLE,1797.206
CHE,MDG,3624.835
CHE,MRT,3008.2789999999995
CHE,SUR,1972.857
CHE,SWZ,2405.952
CHE,BFA,3180.827
CHE,TCD,1593.0849999999998
CHE,CAF,315.105
CHL,NPL,62.994
CHL,AZE,609.0989999999999
CHL,SDN,262.932
CHL,MDA,844.2819999999999
CHL,BWA,115.968
CHL,ARM,128.02100000000002
CHL,SEN,1307.1359999999995
CHL,KHM,688.6179999999999
CHL,ALB,134.509
CHL,BLR,826.952
CHL,TUN,1394.684
CHL,MKD,77.011
CHL,IRQ,229.41
CHL,UZB,106.789
CHL,ZWE,263.315
CHL,SVK,785.381
CHL,BIH,177.544
CHL,TGO,138.221
CHL,BEN,1506.9740000000002
CHL,GEO,1284.4509999999998
CHL,ETH,1454.975
CHL,MLI,64.953
CHL,MUS,562.0120000000001
CHL,GAB,579.117
CHL,AFG,18.546
CHL,SLE,1006.912
CHL,LBY,152.958
CHL,MDG,5.838
CHL,MRT,1227.769
CHL,MWI,13.946
CHL,KGZ,217.236
CHL,SWZ,13.312
CHL,BFA,928.159
CHL,TZA,780.793
CHL,CAF,15.041
CHN,COM,8186.019000000001
CHN,CAF,11721.013000000004
CMR,AZE,16.709
CMR,AUT,0.127
CMR,SDN,6.947
CMR,BDI,0.091
CMR,HRV,39.692
CMR,ALB,22.147
CMR,OMN,22.543
CMR,NER,14.992
CMR,ETH,9.303
CMR,HTI,5.815
CMR,CZE,25.576
CMR,BOL,52.003
CMR,IRN,19.877
CMR,SLE,6.292999999999999
CMR,MDG,2.239
CMR,MRT,2.17
CMR,CYP,46.942
CMR,SWZ,2.504
CMR,CHL,6.855
COG,AZE,32.221000000000004
COG,AUT,13.884
COG,NZL,21.263
COG,ECU,15.347
COG,UKR,14.965
COG,ALB,88.636
COG,SAU,28.716
COG,ISR,41.238
COG,TUN,195.743
COG,JPN,182.898
COG,IRQ,40.36
COG,IRL,178.413
COG,KAZ,7.292
COG,DZA,43.204
COG,BGR,9.435
COG,MLI,20.417
COG,CZE,151.268
COG,IRN,9.879
COG,LBN,4.723
COG,LBY,4.689
COG,CRI,1.061
COG,PER,6.4
COG,CYP,19.928
COG,GIN,47.965
COG,KGZ,3.806
COG,QAT,11.15
COG,BFA,63.447
COG,ARG,225.422
COG,KWT,23.629
COG,PAK,142.765
COL,AZE,139.30899999999997
COL,RWA,36.356
COL,SDN,11.816
COL,BDI,109.725
COL,HUN,1002.975
COL,BGD,141.091
COL,MDA,1.433
COL,ARM,412.182
COL,SEN,951.435
COL,KHM,958.096
COL,ALB,537.185
COL,EST,487.967
COL,LKA,1042.586
COL,OMN,90.029
COL,UGA,514.653
COL,NER,1.642
COL,MKD,47.212
COL,IRQ,1077.663
COL,BIH,12.555
COL,TGO,99.764
COL,KAZ,446.931
COL,ZMB,483.674
COL,ETH,285.317
COL,BGR,149.222
COL,MLI,43.83
COL,MUS,109.089
COL,GAB,724.097
COL,MMR,5.078
COL,MLT,117.636
COL,SLE,72.343
COL,LBY,45.448
COL,MDG,150.314
COL,MRT,947.948
COL,CYP,728.813
COL,GIN,579.3990000000001
COL,MWI,93.981
COL,ISL,585.251
COL,KGZ,54.615
COL,QAT,679.771
COL,SWZ,52.201
COM,KEN,0.49397075
COM,MLI,0.27773575986
CRI,JOR,31.089
CRI,BGD,24.306
CRI,ALB,91.694
CRI,BLR,0.107
CRI,LKA,97.5
CRI,KEN,5.315
CRI,UGA,89.164
CRI,AGO,1.652
CRI,COM,12.96
CRI,IRQ,12.52
CRI,UZB,1.147
CRI,ZWE,10.704
CRI,SVK,223.184
CRI,TGO,14.707
CRI,KAZ,3.603
CRI,BEN,1.32
CRI,GEO,196.238
CRI,COG,106.45
CRI,ZMB,75.923
CRI,BGR,222.466
CRI,MLI,11.728
CRI,MUS,10.772
CRI,GAB,209.141
CRI,CZE,11.329999999999998
CRI,AFG,85.72099999999999
CRI,MMR,145.015
CRI,MLT,124.778
CRI,MRT,3.936
CRI,CYP,33.870000000000005
CRI,MWI,60.062
CRI,QAT,108.628
CRI,BFA,0.907
CRI,KWT,83.912
CRI,TZA,147.203
CRI,FIN,109.13
CRI,LUX,129.704
CRI,PAK,82.09100000000001
CRI,LTU,113.84
CYP,JAM,21.028
CYP,GTM,1.766
CYP,NER,22.037
CYP,COM,17.145
CYP,UZB,16.892
CYP,BEN,12.508
CYP,HND,1.778
CYP,BOL,4.469
CYP,CRI,0.985
CYP,PER,27.635
CYP,MWI,12.841
CYP,KGZ,14.678
CYP,BFA,10.34
CYP,TTO,17.669
CYP,CAF,9.672
CYP,PRY,8.774
CZE,NPL,3166.367
CZE,LBR,150.60399999999998
CZE,LSO,40.475
CZE,RWA,745.1329999999999
CZE,BDI,190.228
CZE,BWA,804.5810000000001
CZE,KHM,2027.765
CZE,MOZ,1447.709
CZE,JAM,140.261
CZE,NER,725.6790000000001
CZE,COM,120.05
CZE,BEN,1316.067
CZE,COG,2842.699
CZE,HTI,449.524
CZE,GAB,2006.264
CZE,MMR,140.692
CZE,SLE,683.6820000000001
CZE,MDG,913.812
CZE,GIN,924.802
CZE,SUR,755.4280000000001
CZE,MWI,334.19499999999994
CZE,NIC,582.23
CZE,SWZ,86.199
CZE,BFA,905.996
CZE,TTO,2526.78
CZE,TCD,467.508
CZE,CAF,258.585
CZE,PRY,2871.8989999999994
DEU,NPL,22722.35473787628
DEU,LSO,1782.7370406133598
DEU,BDI,12139.94097615156
DEU,COM,1811.24959914532
DEU,HTI,19933.36946633672
DEU,MWI,22124.256259985337
DEU,SWZ,5706.17337191148
DEU,TCD,16037.780442290315
DEU,CAF,3467.82688389576
DNK,NPL,1784.686
DNK,LSO,95.411
DNK,BDI,1806.117
DNK,BWA,541.648
DNK,MOZ,1373.3629999999998
DNK,NER,1267.767
DNK,COM,404.453
DNK,MMR,1320.596
DNK,TJK,481.0789999999999
DNK,SUR,645.465
DNK,SWZ,1054.443
DNK,BFA,1811.498
DNK,CAF,1301.6920000000002
DOM,LBR,1.337
DOM,JOR,85.632
DOM,HUN,31.693
DOM,ALB,1.339
DOM,SAU,94.328
DOM,MOZ,5.041
DOM,OMN,15.205
DOM,UGA,82.08
DOM,AGO,21.84
DOM,COM,2.217
DOM,SVK,65.146
DOM,TGO,0.001
DOM,KAZ,9.325
DOM,EGY,121.024
DOM,BGR,124.795
DOM,IRN,34.882
DOM,MLT,23.770000000000003
DOM,GHA,81.159
DOM,LBY,101.97
DOM,MRT,14.283
DOM,CYP,78.885
DOM,MWI,5.3
DOM,ISL,8.818
DOM,SWZ,0.56
DOM,KWT,25.414
DOM,TZA,98.666
DOM,SVN,5.5
DOM,PAK,40.247
DOM,LTU,10.736
DZA,VNM,30.184
DZA,SEN,830.0769999999998
DZA,ALB,81.748
DZA,MOZ,1643.523
DZA,OMN,793.409
DZA,KEN,7.166
DZA,AGO,1056.1219999999998
DZA,LVA,129.572
DZA,BHR,290.90200000000004
DZA,KAZ,3.886
DZA,BEN,106.002
DZA,HND,0.009
DZA,COG,80.1
DZA,HTI,70.894
DZA,MLI,1021.965
DZA,GAB,73.30799999999999
DZA,AUS,23.278
DZA,CMR,1073.315
DZA,CZE,179.35199999999998
DZA,TJK,382.894
DZA,MYS,96.057
DZA,MDG,25.458
DZA,MRT,659.8860000000001
DZA,CYP,748.867
DZA,QAT,1727.438
DZA,SWZ,281.594
DZA,CHL,8.462
DZA,BFA,55.56400000000001
DZA,ARG,60.653
DZA,KWT,572.143
DZA,TCD,9.564
DZA,PAK,363.541
DZA,YEM,35.635
ECU,RWA,167.79
ECU,HUN,372.0279999999999
ECU,BGD,28.261
ECU,NGA,264.55300000000005
ECU,ARM,115.61
ECU,BLR,237.813
ECU,MOZ,243.497
ECU,EST,120.319
ECU,OMN,441.831
ECU,KEN,297.684
ECU,UGA,4.767
ECU,AGO,14.826999999999998
ECU,MKD,337.351
ECU,IRQ,141.867
ECU,UZB,199.269
ECU,BIH,31.483
ECU,BEN,0.003
ECU,ETH,24.802000000000003
ECU,MUS,33.75
ECU,CMR,56.817
ECU,MLT,316.997
ECU,SLE,73.909
ECU,MDG,29.616
ECU,MRT,16.744
ECU,GIN,466.761
ECU,SUR,201.646
ECU,ISL,33.813
ECU,KGZ,43.862
ECU,SWZ,34.181
ECU,LUX,142.436
EGY,MDA,409.707
EGY,KHM,44.975
EGY,JAM,192.189
EGY,COM,111.255
EGY,UZB,92.202
EGY,TKM,256.673
EGY,SVK,310.205
EGY,HND,142.816
EGY,BOL,92.437
EGY,MMR,28.753
EGY,TJK,128.092
EGY,MDG,320.38
EGY,SUR,170.11499999999998
EGY,ISL,219.895
EGY,NIC,14.899
EGY,CAF,446.538
EGY,MNG,289.56
EGY,PRY,326.904
EGY,LUX,299.05000000000007
ESP,NPL,3038.970999999999
ESP,LSO,678.2620000000001
ESP,BDI,902.842
ESP,BWA,3092.924
ESP,COM,3080.974
ESP,ZWE,4844.497
ESP,TJK,1909.738
ESP,MWI,656.871
ESP,SWZ,1968.228
ESP,CAF,2989.289
EST,RWA,2.578
EST,ECU,280.96899999999994
EST,SDN,72.577
EST,BDI,4.722
EST,KHM,26.883
EST,ALB,17.902
EST,MOZ,37.546
EST,JAM,30.542
EST,PHL,237.038
EST,UGA,278.071
EST,NER,253.55
EST,IRQ,325.53200000000004
EST,ZWE,28.668
EST,BHR,163.851
EST,HND,36.572
EST,ZMB,32.991
EST,MLI,10.733
EST,GAB,1.431
EST,CMR,190.183
EST,BOL,170.647
EST,MMR,24.792
EST,SLE,307.758
EST,SUR,18.905
EST,MWI,14.804
EST,NIC,12.031
EST,QAT,219.443
EST,TTO,8.877
EST,TZA,194.556
EST,PRY,157.74499999999998
EST,PAN,183.879
ETH,LBR,4.343160205904
ETH,LSO,18.8536350780134
ETH,ECU,3.070529581584
ETH,KHM,8.462601881588899
ETH,BLR,27.6580442557585
ETH,NER,18.0394786450398
ETH,KAZ,1.1292474949542
ETH,BEN,26.87317101077661
ETH,MUS,9.6979722614843
ETH,AFG,8.4473382561846
ETH,MMR,10.20902010888
ETH,MLT,0.0668551889869
ETH,CYP,19.0035455364895
ETH,GIN,15.2921570574409
ETH,SUR,2.7115798228965
ETH,TTO,4.2223355686173
ETH,LUX,5.8825062813826
FIN,LBR,813.9670000000001
FIN,LSO,433.283
FIN,BDI,176.90200000000002
FIN,KHM,300.30600000000004
FIN,NER,373.871
FIN,TGO,1300.748
FIN,HTI,426.362
FIN,MMR,111.184
FIN,SUR,433.717
FIN,MWI,1332.0190000000005
FIN,NIC,1044.875
FIN,SWZ,156.549
FIN,CAF,37.064
FRA,LSO,1394.5139999999997
FRA,SWZ,2180.438
GBR,LSO,2921.858
GBR,BDI,3662.405
GBR,NER,8060.1219999999985
GBR,COM,872.488
GBR,MMR,7116.706999999999
GBR,TJK,1394.294
GBR,NIC,5907.665999999998
GBR,SWZ,6020.665
GBR,CAF,1103.546
GEO,NPL,5.68
GEO,NZL,44.282
GEO,HRV,11.398
GEO,BGD,22.377
GEO,ALB,17.619
GEO,SAU,1.994
GEO,TUN,21.221
GEO,UGA,28.0
GEO,TGO,13.364
GEO,BEN,14.068
GEO,HND,0.11
GEO,ZMB,34.59
GEO,SLE,15.524
GEO,CRI,23.263
GEO,ISL,0.011
GEO,ZAF,34.53499999999999
GEO,KWT,6.66
GEO,LUX,25.542
GHA,NPL,1.511
GHA,AZE,13.24
GHA,JOR,42.096
GHA,AUT,87.44200000000001
GHA,RWA,16.704
GHA,ECU,4.341
GHA,BDI,6.037
GHA,HUN,101.271
GHA,BGD,38.201
GHA,MDA,9.751
GHA,BWA,17.174999999999997
GHA,ARM,20.435
GHA,DOM,191.776
GHA,BLR,348.455
GHA,JAM,5.248
GHA,OMN,10.733
GHA,PHL,138.612
GHA,LVA,101.542
GHA,IRQ,18.418
GHA,UZB,88.886
GHA,ZWE,13.55
GHA,SVK,2.115
GHA,BIH,28.803
GHA,BHR,2.085
GHA,COL,68.306
GHA,KAZ,3.301
GHA,DZA,83.95
GHA,ETH,252.2
GHA,HTI,2.021
GHA,BGR,110.547
GHA,MUS,2.632
GHA,CZE,54.671
GHA,AFG,103.77
GHA,BOL,20.294
GHA,MMR,9.116
GHA,MLT,101.1
GHA,LBY,29.252
GHA,MDG,4.375
GHA,PER,341.129
GHA,CYP,142.399
GHA,MWI,32.816
GHA,QAT,309.749
GHA,SWZ,28.679
GHA,URY,28.74
GHA,CHL,5.04
GHA,ARG,65.788
GHA,KWT,3.919
GHA,TTO,16.979
GHA,TZA,322.404
GHA,SVN,42.147
GHA,CAF,52.259
GHA,LUX,146.571
GHA,MEX,22.649
GHA,PAN,1.223
GHA,PAK,233.409
GHA,YEM,7.501
GHA,LTU,362.433
GRC,NPL,78.161
GRC,RWA,42.323
GRC,BDI,161.178
GRC,BWA,72.673
GRC,TKM,296.782
GRC,ZMB,364.723
GRC,HTI,24.001
GRC,MLI,226.17
GRC,GAB,257.403
GRC,MMR,65.422
GRC,TJK,4.383
GRC,SUR,173.531
GRC,MWI,7.384
GRC,KGZ,277.041
GRC,NIC,360.518
GRC,TCD,55.565
GRC,CAF,0.678
GRC,MNG,262.26
GTM,BDI,3.13
GTM,HUN,6.3580000000000005
GTM,BWA,75.793
GTM,KHM,9.059
GTM,ALB,19.487
GTM,MOZ,64.652
GTM,EST,115.0
GTM,LKA,26.44
GTM,UGA,64.04599999999999
GTM,AGO,42.631
GTM,LVA,191.194
GTM,COM,20.017
GTM,IRQ,31.5
GTM,ZWE,216.874
GTM,IRL,113.755
GTM,KAZ,0.615
GTM,BEN,7.622
GTM,GEO,38.366
GTM,ZMB,23.91
GTM,ETH,63.495
GTM,CMR,0.055
GTM,CZE,20.027
GTM,AFG,13.155
GTM,LBY,167.884
GTM,MDG,30.931999999999995
GTM,CYP,91.557
GTM,ISL,202.841
GTM,SWZ,52.757
GTM,LTU,142.177
HND,HUN,8.778
HND,ARM,0.504
HND,UKR,22.472
HND,SAU,19.588
HND,LKA,16.179
HND,PHL,40.598
HND,KEN,5.11
HND,SVK,17.042
HND,GEO,30.312
HND,MUS,9.043
HND,IRN,57.436
HND,LBN,67.64599999999999
HND,MYS,65.83000000000001
HND,CYP,9.663
HND,ISL,2.7
HND,PRY,85.45699999999998
HND,ARE,26.974
HND,LUX,0.102
HND,PAK,1.097
HND,LTU,24.192
HRV,NPL,17.605
HRV,ECU,0.906
HRV,BDI,25.91
HRV,BWA,11.714
HRV,DOM,79.047
HRV,SEN,2.908
HRV,KHM,19.744
HRV,JAM,199.719
HRV,KEN,200.476
HRV,UGA,29.746
HRV,GTM,162.447
HRV,AGO,29.336
HRV,NER,24.951
HRV,ZWE,1.867
HRV,BEN,44.887
HRV,HND,27.555
HRV,COG,62.145
HRV,ETH,59.053
HRV,HTI,6.316
HRV,MLI,31.806
HRV,GAB,107.876
HRV,TJK,183.321
HRV,GIN,23.894
HRV,SUR,152.103
HRV,MWI,2.932
HRV,KGZ,183.744
HRV,SWZ,58.437000000000005
HRV,URY,39.245000000000005
HRV,BFA,10.001
HRV,TTO,28.752
HRV,MNG,2.065
HUN,NPL,154.0
HUN,LBR,652.0
HUN,RWA,999.0
HUN,ECU,1934.0
HUN,BDI,73.0
HUN,DOM,539.0
HUN,KHM,260.0
HUN,MOZ,1951.0
HUN,GTM,1287.0
HUN,NER,188.0
HUN,ZWE,1092.0
HUN,TGO,1179.0
HUN,HTI,823.0
HUN,MLI,581.0
HUN,GAB,1331.0
HUN,MMR,20.0
HUN,SLE,535.0
HUN,MDG,878.0
HUN,GIN,441.0
HUN,SUR,1438.0
HUN,MWI,246.0
HUN,NIC,133.0
HUN,BFA,926.0
HUN,CAF,1096.0
HUN,PRY,983.0
IDN,LSO,601.303
IDN,RWA,1645.581
IDN,BDI,1411.428
IDN,MDA,211.365
IDN,BWA,313.034
IDN,BLR,3390.56
IDN,NER,2930.447
IDN,COM,2482.6130000000003
IDN,TKM,2198.323
IDN,BIH,585.116
IDN,ZMB,2464.6200000000003
IDN,TJK,2577.685
IDN,ISL,809.411
IDN,KGZ,2497.327
IDN,SWZ,1193.242
IDN,TCD,1552.808
IDN,CAF,533.135
IND,CAF,4609.09
IRL,NPL,89.01545475
IRL,LSO,175.039378
IRL,RWA,938.36272977
IRL,BDI,89.36330725
IRL,BWA,2343.1567025600007
IRL,ARM,968.00115418
IRL,KHM,2259.60114065
IRL,NER,224.77115422
IRL,COM,126.45412362
IRL,UZB,1386.3480504199997
IRL,ZWE,1389.1600900299998
IRL,MMR,566.75607825
IRL,TJK,1.66551777
IRL,MDG,126.80615035
IRL,MRT,1952.60322107
IRL,GIN,1478.7961136399997
IRL,SUR,510.00046435
IRL,KGZ,336.74209115
IRL,TCD,1344.9925624000002
IRL,CAF,88.25017925
IRL,PRY,1194.37382131
IRN,NPL,635.467
IRN,RWA,267.438
IRN,ECU,182.239
IRN,KHM,302.4
IRN,EST,56.959
IRN,GTM,216.25
IRN,LVA,73.5
IRN,BIH,454.721
IRN,IRL,378.28
IRN,HND,29.155
IRN,ZMB,109.578
IRN,HTI,261.021
IRN,MUS,329.56500000000005
IRN,MLT,132.869
IRN,SLE,394.973
IRN,CRI,32.055
IRN,MRT,366.448
IRN,PER,268.006
IRN,MWI,47.906
IRN,SWZ,0.388
IRN,URY,295.804
IRN,TTO,436.5870000000001
IRN,MNG,86.925
IRN,FIN,635.207
IRN,PAN,269.34700000000004
ISL,NPL,1.056
ISL,ALB,8.658
ISL,TUN,9.441
ISL,JAM,9.905
ISL,LKA,1.081
ISL,OMN,21.904
ISL,GTM,1.467
ISL,AGO,19.462
ISL,KAZ,3.314
ISL,HND,22.319
ISL,ETH,3.629
ISL,HTI,20.373
ISL,MLI,6.723
ISL,MUS,34.344
ISL,GAB,19.581
ISL,BOL,0.119
ISL,IRN,14.209
ISL,GHA,4.234999999999999
ISL,SLE,3.891
ISL,LBY,62.48
ISL,CRI,61.621
ISL,TJK,10.963
ISL,MDG,2.285
ISL,MRT,5.937
ISL,MWI,20.676
ISL,URY,18.617
ISL,KWT,49.907
ISL,PRY,1.644
ISL,PAK,113.116
ISR,LSO,159.0
ISR,SDN,175.0
ISR,BDI,255.0
ISR,BGD,252.0
ISR,SAU,144.0
ISR,TUN,182.0
ISR,OMN,164.0
ISR,COM,2.0
ISR,IRQ,1011.0
ISR,BIH,1152.0
ISR,BHR,47.0
ISR,DZA,23.0
ISR,MLI,441.0
ISR,MMR,1070.0
ISR,LBY,26.0
ISR,TJK,222.0
ISR,MDG,456.0
ISR,MRT,188.0
ISR,SUR,171.0
ISR,MWI,434.0
ISR,QAT,577.0
ISR,SWZ,718.0
ISR,CAF,162.0
ISR,MNG,663.0
ISR,YEM,16.0
ITA,LSO,74.545
ITA,RWA,8183.014000000001
ITA,BDI,8139.187999999999
ITA,COM,1628.217
ITA,SWZ,922.174
ITA,CAF,3350.9239999999995
JAM,POL,0.373
JAM,HUN,2.415
JAM,HRV,0.444
JAM,BWA,1.894
JAM,NGA,2.402
JAM,TUN,0.15
JAM,LKA,5.585
JAM,OMN,0.003
JAM,UGA,0.25
JAM,IRQ,0.499
JAM,SVK,0.458
JAM,PRT,0.608
JAM,CZE,4.73
JAM,AFG,1.136
JAM,LBN,21.709
JAM,CYP,0.24
JAM,ZAF,16.346
JAM,NIC,1.657
JAM,TZA,1.389
JAM,FIN,11.849
JAM,PAK,8.639999999999999
JOR,NPL,109.855
JOR,BDI,107.441
JOR,ARM,99.985
JOR,NER,50.699
JOR,LVA,50.635
JOR,MKD,27.663
JOR,UZB,33.675
JOR,TKM,6.777
JOR,ZWE,13.073
JOR,HTI,87.578
JOR,MLI,91.891
JOR,BOL,70.75999999999999
JOR,MMR,82.451
JOR,MLT,9.108
JOR,CRI,72.23100000000001
JOR,TJK,29.958
JOR,MDG,44.901
JOR,MWI,18.946
JOR,ISL,44.273
JOR,KGZ,32.954
JOR,BFA,57.759
JOR,TCD,64.955
JOR,NOR,14.318
JOR,MNG,5.624
JOR,FIN,35.552
JOR,PRY,59.916
JOR,LUX,38.131
JOR,LTU,55.523
JPN,LSO,2576.248
JPN,RWA,8074.717000000001
JPN,BDI,8892.119
JPN,MDA,3586.8380000000006
JPN,ALB,2201.2539999999995
JPN,NER,7205.174999999999
JPN,MKD,6580.201000000001
JPN,COM,710.411
JPN,BIH,390.037
JPN,COG,11632.430000000002
JPN,MLI,7756.830000000001
JPN,SLE,9384.772
JPN,TJK,863.3950000000002
JPN,MDG,10609.294999999998
JPN,SWZ,3488.428999999999
JPN,TCD,1449.0210000000002
JPN,CAF,3799.371
KAZ,NPL,2.845
KAZ,NZL,1214.028
KAZ,ECU,110.569
KAZ,BGD,4.774
KAZ,DOM,62.42099999999999
KAZ,PHL,38.731
KAZ,KEN,2.951
KAZ,UGA,3.812
KAZ,AGO,190.93
KAZ,NER,58.5
KAZ,MKD,26.1
KAZ,IRQ,1000.583
KAZ,BIH,5.55
KAZ,IRL,258.107
KAZ,BHR,35.695
KAZ,COL,547.82
KAZ,COG,753.1850000000001
KAZ,DZA,479.033
KAZ,GAB,53.417
KAZ,BOL,460.4989999999999
KAZ,GHA,975.585
KAZ,LBY,15.518
KAZ,MYS,1867.323
KAZ,MRT,13.66
KAZ,PER,84.36500000000001
KAZ,MWI,7.509
KAZ,QAT,739.9019999999999
KAZ,BFA,730.906
KAZ,KWT,222.403
KAZ,TTO,63.237
KAZ,TZA,224.706
KAZ,NOR,1740.2789999999998
KAZ,LUX,8.014
KAZ,MEX,1076.457
KAZ,PAN,129.304
KAZ,YEM,200.663
KGZ,JOR,7.613
KGZ,AUT,51.224
KGZ,THA,1.659
KGZ,NZL,30.534
KGZ,HUN,60.663
KGZ,HRV,38.625
KGZ,ARM,24.627
KGZ,SAU,25.178
KGZ,ISR,23.092
KGZ,TUN,57.599
KGZ,DNK,1.582
KGZ,PHL,0.006
KGZ,SVK,0.696
KGZ,BIH,0.115
KGZ,IRL,3.551
KGZ,BHR,27.518
KGZ,EGY,0.373
KGZ,SWE,38.407
KGZ,SLE,0.131
KGZ,MYS,32.478
KGZ,ZAF,14.774
KGZ,QAT,57.319
KHM,NPL,115.324
KHM,MDA,0.989
KHM,DOM,88.453
KHM,BLR,26.891
KHM,MOZ,19.396
KHM,JAM,22.387
KHM,NER,12.712
KHM,IRQ,70.37299999999999
KHM,UZB,11.797999999999998
KHM,TKM,42.03
KHM,BIH,40.413
KHM,BEN,56.148
KHM,GEO,43.221
KHM,HND,14.813
KHM,COG,47.563
KHM,HTI,52.401
KHM,MUS,4.063
KHM,GAB,20.061
KHM,MMR,42.926
KHM,GHA,136.13
KHM,SLE,35.751
KHM,MAR,78.001
KHM,TJK,0.546
KHM,MDG,42.297
KHM,CYP,41.14
KHM,GIN,25.591
KHM,SUR,13.743
KHM,ISL,41.977
KHM,KWT,26.168000000000003
KHM,TTO,20.723
KHM,TZA,8.318
KHM,MNG,83.746
KOR,BDI,481.824
KOR,MDA,4353.757999999999
KOR,BWA,8981.714999999997
KOR,NER,5383.823
KOR,MKD,4591.9710000000005
KOR,COM,547.501
KOR,MLI,8718.547000000002
KOR,TCD,353.9
KWT,ECU,108.008
KWT,HUN,91.64
KWT,ARM,84.64299999999999
KWT,DOM,0.725
KWT,BLR,19.568
KWT,GTM,35.27
KWT,NER,77.066
KWT,LVA,68.129
KWT,MKD,0.978
KWT,COM,38.792
KWT,UZB,5.389
KWT,ZWE,47.194
KWT,SVK,12.979
KWT,BIH,68.959
KWT,IRL,40.585
KWT,GEO,92.098
KWT,ZMB,5.983
KWT,MLI,0.054
KWT,CMR,102.693
KWT,CZE,35.217
KWT,MMR,85.215
KWT,MLT,79.762
KWT,SWE,77.053
KWT,SLE,57.364
KWT,MRT,29.127
KWT,PER,88.415
KWT,BFA,0.435
KWT,TTO,4.816
KWT,TCD,0.851
KWT,SVN,0.689
KWT,NOR,60.07
KWT,CAF,0.072
KWT,MEX,5.805
KWT,LTU,47.833
LBN,NPL,24.942
LBN,ECU,43.25
LBN,HRV,0.033
LBN,DOM,54.87200000000001
LBN,KHM,3.715
LBN,BLR,6.007000000000001
LBN,JAM,7.502
LBN,LKA,79.315
LBN,MKD,16.532999999999998
LBN,COM,25.207
LBN,SVK,50.457
LBN,BIH,27.225
LBN,HND,4.968000000000001
LBN,HTI,40.226
LBN,MMR,0.385
LBN,SUR,0.802
LBN,ISL,2.222
LBN,KGZ,1.068
LBN,SWZ,9.818
LBN,TTO,23.966
LKA,LSO,4.690999999999999
LKA,RWA,128.249
LKA,COM,39.19
LKA,BIH,114.733
LKA,ZMB,84.96600000000001
LKA,HTI,166.46
LKA,GAB,83.628
LKA,CMR,94.539
LKA,MMR,175.836
LKA,SUR,143.96300000000002
LKA,MWI,167.687
LKA,CAF,36.932
LKA,LUX,27.034
LSO,THA,3.1980000000000004
LSO,POL,1.097
LSO,GRC,31.016
LSO,SAU,24.052
LSO,ISR,8.116999999999999
LSO,BRA,3.391
LSO,PHL,3.989
LSO,UGA,7.804
LSO,RUS,23.228
LSO,KOR,28.137
LSO,IDN,2.441
LSO,SGP,18.193
LSO,ZMB,31.758
LSO,MYS,6.4270000000000005
LSO,PER,10.155
LSO,ISL,1.54
LSO,CHL,14.11
LSO,NOR,0.354
LSO,PRY,5.019
LSO,PAN,6.107
LTU,LBR,358.047
LTU,LSO,1.436
LTU,SDN,165.218
LTU,DOM,79.94500000000001
LTU,SEN,126.821
LTU,KHM,3.358
LTU,LKA,195.356
LTU,UGA,112.991
LTU,GTM,131.704
LTU,NER,68.039
LTU,COM,131.032
LTU,ZWE,43.326
LTU,BHR,238.479
LTU,HND,13.405
LTU,ZMB,24.182
LTU,HTI,36.794
LTU,MLI,64.407
LTU,GAB,223.33399999999995
LTU,BOL,216.804
LTU,CRI,187.767
LTU,MDG,1.999
LTU,GIN,118.61100000000002
LTU,SUR,1.304
LTU,NIC,16.974
LTU,URY,121.74
LTU,BFA,231.301
LTU,TTO,23.346
LTU,TZA,221.516
LTU,YEM,417.919
LUX,NPL,5.627
LUX,RWA,24.827
LUX,SDN,258.691
LUX,BDI,8.359
LUX,MDA,169.55800000000002
LUX,BWA,3.976
LUX,ARM,54.207
LUX,KHM,202.371
LUX,ALB,235.837
LUX,JAM,128.15400000000002
LUX,NER,57.732
LUX,COM,13.68
LUX,TGO,307.799
LUX,BEN,295.654
LUX,HND,19.467
LUX,COG,128.78
LUX,HTI,6.872
LUX,AFG,205.69600000000003
LUX,BOL,153.315
LUX,MMR,260.88800000000003
LUX,SLE,200.953
LUX,TJK,31.379
LUX,MDG,94.705
LUX,MWI,40.133
LUX,KGZ,273.286
LUX,NIC,298.34400000000005
LUX,SWZ,5.572
LUX,TCD,4.906000000000001
LUX,CAF,7.65
LUX,MNG,177.315
LUX,PRY,320.986
LUX,YEM,138.291
LVA,NPL,111.256
LVA,BWA,9.929
LVA,SEN,0.999
LVA,MOZ,124.318
LVA,JAM,16.152
LVA,PHL,104.049
LVA,KEN,193.519
LVA,GTM,167.168
LVA,NER,52.561
LVA,ZWE,14.416
LVA,TGO,150.026
LVA,BHR,199.642
LVA,HND,238.803
LVA,COG,7.330999999999999
LVA,ZMB,53.351
LVA,ETH,234.92
LVA,HTI,28.945000000000004
LVA,MLI,45.643
LVA,MUS,18.97
LVA,GAB,100.807
LVA,BOL,113.38
LVA,MMR,0.993
LVA,SLE,116.857
LVA,SUR,37.875
LVA,NIC,11.972
LVA,TTO,28.464
LVA,CAF,8.226
LVA,YEM,131.811
MAR,RWA,68.244
MAR,ECU,67.11
MAR,BDI,175.064
MAR,BWA,3.322
MAR,ARM,194.019
MAR,OMN,434.045
MAR,GTM,35.156000000000006
MAR,MKD,326.651
MAR,UZB,114.695
MAR,TKM,2.767
MAR,ZWE,213.096
MAR,CRI,154.849
MAR,TJK,3.599
MAR,SUR,73.296
MAR,NIC,27.816
MAR,SWZ,317.11400000000003
MAR,MNG,291.032
MDA,LBR,8.206
MDA,THA,14.326
MDA,SDN,52.70300000000001
MDA,IDN,19.823
MDA,MLT,55.981
MDA,MYS,26.565
MDA,SWZ,0.219
MDA,KWT,55.599
MDA,LUX,1.362
MDG,JOR,14.34
MDG,RWA,21.904
MDG,NZL,8.273
MDG,HUN,1.26
MDG,DOM,17.553
MDG,KHM,0.609
MDG,LVA,2.8
MDG,SVK,1.381
MDG,TGO,0.253
MDG,BHR,26.145
MDG,COG,26.309000000000005
MDG,BGR,1.776
MDG,GAB,4.435
MDG,CMR,1.37
MDG,MLT,7.077000000000001
MDG,CRI,25.682
MDG,QAT,23.105
MDG,BFA,14.563
MDG,TCD,0.16
MDG,NOR,9.461
MDG,PAN,29.198
MDG,LTU,7.526
MEX,NPL,204.875
MEX,LBR,2585.2740000000003
MEX,AZE,4272.231
MEX,RWA,220.76
MEX,SDN,1677.996
MEX,HRV,2806.08
MEX,MDA,83.571
MEX,BWA,16.557
MEX,ARM,264.954
MEX,SEN,1051.065
MEX,KHM,34.009
MEX,ALB,1006.4930000000002
MEX,BLR,304.71200000000005
MEX,MOZ,801.3829999999998
MEX,EST,4297.82
MEX,LKA,3990.872
MEX,KEN,2091.664
MEX,UGA,1384.6520000000005
MEX,NER,109.339
MEX,MKD,129.824
MEX,COM,33.351
MEX,UZB,32.414
MEX,ZWE,0.009
MEX,BIH,725.915
MEX,TGO,209.58
MEX,BEN,886.5600000000001
MEX,GEO,1082.2489999999998
MEX,COG,3297.731
MEX,ZMB,510.377
MEX,ETH,640.88
MEX,MLI,399.308
MEX,MUS,448.521
MEX,GAB,170.453
MEX,CMR,3297.9819999999995
MEX,AFG,181.807
MEX,MMR,2152.423
MEX,IRN,6818.215999999999
MEX,MLT,865.575
MEX,SLE,376.575
MEX,LBY,1115.873
MEX,TJK,74.168
MEX,MDG,532.585
MEX,MRT,291.782
MEX,GIN,575.386
MEX,MWI,230.259
MEX,ISL,312.771
MEX,KGZ,59.722
MEX,SWZ,2852.8140000000003
MEX,BFA,19.319
MEX,TZA,1330.995
MEX,TCD,17.283
MEX,CAF,145.0
MEX,MNG,1781.9019999999996
MEX,LUX,6569.937
MEX,YEM,270.17600000000004
MKD,LBR,6.152
MKD,JOR,82.021
MKD,THA,14.024
MKD,NZL,44.95
MKD,DOM,4.024
MKD,OMN,14.826
MKD,KEN,96.389
MKD,NER,27.583
MKD,TGO,46.224
MKD,BHR,10.944
MKD,COG,17.026
MKD,ZMB,5.08
MKD,ETH,24.68
MKD,HTI,28.855
MKD,MUS,2.252
MKD,GAB,0.388
MKD,GHA,78.97800000000001
MKD,SLE,29.327
MKD,TJK,1.797
MKD,MYS,6.665000000000001
MKD,GIN,49.867
MKD,SUR,33.305
MKD,ISL,35.775000000000006
MKD,QAT,9.084
MKD,CHL,3.962
MKD,BFA,22.12
MKD,KWT,10.052
MKD,TTO,4.411
MKD,CAF,27.788
MKD,LUX,0.377
MLI,POL,1.54
MLI,HUN,7.711
MLI,ARM,1.311
MLI,KEN,67.208
MLI,AGO,5.94
MLI,COM,0.212
MLI,GEO,2.168
MLI,COG,18.323000000000004
MLI,EGY,22.585
MLI,BGR,2.93
MLI,GAB,66.9
MLI,CMR,1.519
MLI,CZE,4.695
MLI,LBN,11.374
MLI,QAT,44.732
MLI,KWT,6.475
MLI,TZA,27.596
MLI,TCD,21.26
MLI,NOR,67.012
MLI,FIN,8.443
MLT,ECU,40.038
MLT,MDA,3.962
MLT,ARM,0.67
MLT,JAM,23.35
MLT,EST,65.95
MLT,GTM,65.35
MLT,MKD,4.483
MLT,ZWE,0.754
MLT,BEN,51.068
MLT,GEO,17.743
MLT,ZMB,1.079
MLT,ETH,1.832
MLT,MMR,62.711000000000006
MLT,IRN,19.37
MLT,CRI,10.666
MLT,MDG,26.899
MLT,PER,26.033
MLT,BFA,77.758
MLT,TTO,21.314
MLT,CAF,38.528000000000006
MMR,NPL,0.931
MMR,JOR,171.19
MMR,ECU,247.763
MMR,HUN,4.98
MMR,DOM,0.356
MMR,UKR,101.247
MMR,KHM,43.164
MMR,ISR,77.59299999999999
MMR,OMN,265.672
MMR,LVA,206.0
MMR,TGO,46.2
MMR,IRL,3.749
MMR,BHR,149.277
MMR,CZE,126.661
MMR,IRN,247.423
MMR,MAR,47.075
MMR,URY,22.511
MMR,CHL,0.324
MMR,FIN,112.627
MMR,PAN,217.5
MMR,YEM,79.5
MOZ,AUT,3.0
MOZ,NZL,21.0
MOZ,HUN,4.0
MOZ,HRV,28.0
MOZ,NGA,61.0
MOZ,DOM,74.0
MOZ,KHM,44.0
MOZ,BLR,3.0
MOZ,TUN,88.0
MOZ,COM,4.0
MOZ,UZB,9.0
MOZ,COG,69.0
MOZ,CZE,8.0
MOZ,AFG,64.0
MOZ,LBY,55.0
MOZ,URY,1.0
MOZ,KWT,68.0
MOZ,TCD,66.0
MOZ,FIN,40.0
MOZ,YEM,10.0
MRT,POL,24.941
MRT,UGA,0.32
MRT,ZWE,32.319
MRT,IRL,9.069
MRT,GEO,30.081
MRT,IDN,17.611
MRT,DZA,0.302
MRT,AUS,0.728
MRT,IRN,0.712
MRT,CAN,0.897
MRT,SLE,4.268
MRT,CRI,23.943
MRT,QAT,0.302
MRT,URY,23.369
MRT,BFA,0.206
MRT,BEL,16.652
MRT,ARE,4.055
MUS,NPL,5.309
MUS,AZE,14.137
MUS,MDA,33.475
MUS,KHM,0.051
MUS,BLR,2.745
MUS,EST,0.892
MUS,NER,1.53
MUS,TGO,4.666
MUS,BHR,11.053
MUS,COL,1.692
MUS,KAZ,11.583000000000002
MUS,HND,2.197
MUS,ETH,46.37499999999999
MUS,MLI,8.132
MUS,LBN,34.671
MUS,MRT,2.6420000000000003
MUS,CYP,46.929
MUS,GIN,0.389
MUS,SUR,26.013
MUS,ISL,7.912
MUS,QAT,33.368
MUS,BFA,47.164
MUS,TCD,1.495
MUS,CAF,1.495
MWI,NPL,19.146
MWI,LBR,1.284
MWI,BDI,0.499
MWI,NGA,24.039
MWI,ALB,1.532
MWI,LKA,0.145
MWI,OMN,10.863
MWI,AGO,21.163
MWI,ETH,29.195
MWI,MLI,7.607
MWI,GAB,37.08
MWI,MLT,3.19
MWI,GHA,18.853
MWI,SWE,25.546
MWI,TJK,2.872
MWI,MDG,6.597
MWI,SUR,0.107
MWI,ISL,33.233
MWI,TTO,22.025
MWI,SVN,0.174
MWI,NOR,12.659
MYS,LSO,48.779
MYS,RWA,2789.834
MYS,BDI,818.5270000000002
MYS,MDA,884.4570000000001
MYS,BWA,3701.539
MYS,ARM,1719.113
MYS,ALB,3336.178
MYS,MKD,64.176
MYS,BIH,1738.0960000000002
MYS,ZMB,2963.068
MYS,MLI,2176.879
MYS,BOL,3048.797
MYS,TJK,2312.6980000000003
MYS,ISL,847.707
MYS,KGZ,2991.473
MYS,SWZ,2769.702
MYS,BFA,1080.189
MYS,TCD,216.934
MYS,CAF,1868.867
NER,SDN,4.002
NER,HUN,21.724
NER,ISR,0.346
NER,MOZ,5.276
NER,DNK,12.399
NER,PHL,9.772
NER,KEN,0.106
NER,UGA,3.957
NER,GEO,0.063
NER,EGY,4.245
NER,ETH,10.017
NER,GAB,19.48
NER,AUS,13.258
NER,TZA,4.221
NER,SVN,0.517
NER,CAF,8.251999999999999
NER,LUX,1.689
NGA,NZL,69.146
NGA,ECU,0.004
NGA,HRV,38.55
NGA,SAU,1741.124
NGA,BLR,2081.788
NGA,MOZ,0.068
NGA,TUN,2305.634
NGA,JAM,443.375
NGA,LKA,636.0799999999999
NGA,OMN,395.409
NGA,DNK,0.006
NGA,PHL,12.934
NGA,UGA,2.815
NGA,LVA,606.081
NGA,UZB,3.234
NGA,SVK,2075.264
NGA,COL,411.434
NGA,KAZ,378.791
NGA,ZMB,721.073
NGA,EGY,2147.3950000000004
NGA,ETH,23.309
NGA,BGR,880.5369999999999
NGA,MLT,855.655
NGA,LBY,865.8130000000001
NGA,MRT,2268.279
NGA,CYP,502.711
NGA,SUR,0.381
NGA,MWI,18.522
NGA,NIC,112.467
NGA,QAT,1482.572
NGA,SWZ,60.512
NGA,KWT,21.297
NGA,TTO,45.584
NGA,TZA,1086.006
NGA,SVN,1026.821
NGA,PAK,1759.196
NGA,YEM,1815.386
NGA,LTU,2180.641
NIC,LBR,0.2
NIC,HUN,0.9
NIC,PHL,0.2
NIC,AGO,22.66
NIC,BIH,0.35
NIC,IDN,19.5
NIC,COG,25.787
NIC,SGP,23.373
NIC,CZE,50.255
NIC,IRN,20.0
NIC,GHA,20.01
NIC,LBN,2.96
NIC,CYP,1.4320000000000002
NIC,KWT,0.481
NIC,TUR,23.0
NIC,PRY,15.288
NIC,LUX,0.5
NLD,LSO,1767.8190000000002
NLD,BDI,8586.99
NLD,COM,4408.086
NLD,MMR,4168.866
NLD,TJK,5429.435
NLD,SWZ,6928.372000000002
NOR,NPL,587.458
NOR,LSO,1.25
NOR,RWA,94.644
NOR,SDN,965.1229999999998
NOR,BDI,70.97
NOR,BWA,259.601
NOR,ARM,783.057
NOR,SEN,2782.315
NOR,KHM,10.174
NOR,ALB,1275.2179999999998
NOR,MOZ,2765.612
NOR,UGA,1274.2579999999998
NOR,NER,226.393
NOR,MKD,2846.588
NOR,UZB,1477.489
NOR,TKM,755.0799999999999
NOR,ZWE,500.0930000000001
NOR,TGO,1030.326
NOR,BEN,1505.181
NOR,HND,877.312
NOR,ZMB,397.581
NOR,ETH,2341.291
NOR,HTI,515.087
NOR,MLI,549.2810000000001
NOR,MUS,2754.423
NOR,AFG,2600.7200000000003
NOR,MMR,1346.4399999999998
NOR,SLE,491.0179999999999
NOR,LBY,821.604
NOR,CRI,1071.903
NOR,TJK,52.348
NOR,MDG,2563.0160000000005
NOR,MRT,2145.333
NOR,SUR,889.7970000000001
NOR,MWI,80.857
NOR,KGZ,559.095
NOR,NIC,175.413
NOR,SWZ,3.57
NOR,BFA,108.84
NOR,TCD,174.451
NOR,CAF,46.218
NOR,MNG,301.551
NOR,PRY,1036.661
NOR,YEM,2790.67
NPL,ECU,5.972
NPL,BDI,0.086
NPL,NGA,0.048
NPL,KHM,4.462
NPL,BLR,1.849
NPL,TUN,1.042
NPL,OMN,15.321
NPL,PHL,20.764000000000003
NPL,UGA,12.3
NPL,GTM,7.367
NPL,LVA,20.47
NPL,IRQ,9.83
NPL,UZB,0.115
NPL,ZWE,6.916
NPL,COG,0.895
NPL,EGY,16.791
NPL,ETH,0.145
NPL,MUS,3.914
NPL,MMR,19.51
NPL,MLT,9.534
NPL,GHA,21.838
NPL,CRI,7.293
NPL,TJK,0.096
NPL,MRT,0.706
NPL,PER,2.829
NPL,GIN,21.38
NPL,MWI,6.17
NPL,NIC,5.529
NPL,URY,0.167
NPL,TTO,7.347
NPL,TCD,0.146
NPL,CAF,2.041
NPL,LTU,14.010000000000002
NZL,RWA,8.505
NZL,BDI,10.227
NZL,MDA,93.869
NZL,BWA,69.961
NZL,BLR,326.15
NZL,UGA,314.0150000000001
NZL,NER,601.1840000000001
NZL,MKD,555.918
NZL,SVK,423.141
NZL,ETH,618.6080000000001
NZL,MDG,696.312
NZL,SUR,336.119
NZL,MWI,225.199
NZL,KGZ,35.616
NZL,SWZ,15.0
NZL,BFA,328.36
NZL,TCD,107.041
NZL,PRY,520.2520000000001
NZL,LUX,801.919
OMN,NPL,7.919
OMN,AZE,144.342
OMN,AUT,149.417
OMN,BDI,18.798
OMN,HUN,458.543
OMN,BWA,193.705
OMN,DOM,20.187
OMN,ALB,4.078
OMN,JAM,445.284
OMN,UGA,412.296
OMN,GTM,4.325
OMN,NER,54.981
OMN,COM,599.62
OMN,UZB,26.083
OMN,ZWE,0.13
OMN,SVK,8.936
OMN,TGO,510.377
OMN,COL,475.336
OMN,BEN,274.214
OMN,GEO,718.874
OMN,HND,229.668
OMN,COG,47.004
OMN,ETH,651.218
OMN,GAB,305.838
OMN,AFG,433.79
OMN,MMR,369.359
OMN,MLT,475.178
OMN,SWE,254.082
OMN,SLE,559.9390000000001
OMN,CRI,0.026
OMN,MRT,156.118
OMN,PER,226.235
OMN,GIN,430.595
OMN,SUR,22.309
OMN,MWI,236.584
OMN,URY,114.549
OMN,BFA,0.78
OMN,TTO,18.968
OMN,TCD,192.672
OMN,NOR,196.011
OMN,PRY,136.401
OMN,PAN,108.445
PAK,RWA,193.068
PAK,BDI,75.567
PAK,MDA,151.42700000000002
PAK,ARM,266.756
PAK,NER,421.317
PAK,BIH,365.623
PAK,MLI,59.95700000000001
PAK,BOL,470.93
PAK,ISL,270.98
PAK,SWZ,182.334
PAK,BFA,57.417
PAK,TCD,81.631
PAK,CAF,3.914
PAK,MNG,183.395
PAK,LUX,133.683
PAN,JOR,180.573
PAN,RWA,1.7
PAN,NZL,274.79299999999995
PAN,SDN,47.362
PAN,HUN,19.581
PAN,HRV,10.955000000000002
PAN,SAU,82.596
PAN,EST,10.85
PAN,OMN,50.582
PAN,KEN,4.337
PAN,UGA,5.61
PAN,AGO,242.981
PAN,NER,27.0
PAN,SVK,1.689
PAN,TGO,47.467
PAN,GEO,116.008
PAN,BGR,0.338
PAN,MUS,149.286
PAN,CZE,4.680000000000001
PAN,IRN,138.283
PAN,GHA,12.211
PAN,LBN,88.041
PAN,MAR,65.319
PAN,ZAF,9.714
PAN,SVN,82.097
PAN,NOR,72.922
PAN,CAF,135.072
PAN,FIN,53.614
PAN,PAK,118.19
PER,NPL,3.02421
PER,RWA,2.0
PER,BDI,19.152
PER,HRV,629.00259
PER,KHM,222.9503
PER,ALB,181.52982000000003
PER,MOZ,215.09925
PER,OMN,153.73158
PER,KEN,183.13526
PER,UGA,629.92486
PER,NER,76.593
PER,LVA,443.48592
PER,MKD,2.7336
PER,IRQ,36.7957
PER,TKM,32.612
PER,SVK,216.36589
PER,TGO,816.4660000000001
PER,BHR,750.40412
PER,KAZ,151.70514
PER,GEO,209.12442
PER,ZMB,502.2004599999999
PER,ETH,49.52003
PER,MLI,124.56773
PER,MUS,570.64328
PER,GAB,559.92896
PER,AFG,10.912259999999998
PER,IRN,846.2107699999999
PER,MLT,180.33753
PER,SLE,62.9335
PER,MDG,236.8524
PER,PER,42.25174
PER,CYP,827.4286900000001
PER,MWI,35.34
PER,KGZ,43.69993
PER,QAT,44.82869
PER,SWZ,5.1576
PER,BFA,113.16071
PER,TZA,212.54252
PER,SVN,687.1902200000001
PER,CAF,67.03818
PER,LUX,97.38813
PER,YEM,29.307
PHL,LBR,74.581
PHL,AZE,575.9190000000001
PHL,RWA,22.406
PHL,BDI,568.424
PHL,MDA,1.683
PHL,ARM,44.444
PHL,ALB,272.526
PHL,BLR,125.985
PHL,MOZ,527.153
PHL,JAM,442.705
PHL,UGA,448.512
PHL,AGO,450.335
PHL,NER,127.313
PHL,MKD,265.785
PHL,IRQ,255.425
PHL,UZB,212.503
PHL,ZWE,39.533
PHL,BEN,10.0
PHL,GEO,675.128
PHL,COG,149.82
PHL,ZMB,297.617
PHL,HTI,331.607
PHL,MLI,69.015
PHL,CMR,542.905
PHL,BOL,342.11400000000003
PHL,SLE,34.208
PHL,LBY,54.728
PHL,TJK,177.028
PHL,MRT,47.63
PHL,SUR,22.826
PHL,MWI,197.552
PHL,ISL,465.174
PHL,KGZ,12.9
PHL,NIC,258.963
PHL,SWZ,169.41800000000003
PHL,BFA,34.343
PHL,PRY,305.036
PHL,LUX,209.109
POL,NPL,840.1809999999998
POL,RWA,6.209
POL,BDI,23.135
POL,BWA,978.0840000000002
POL,JAM,3237.139999999999
POL,NER,1676.201
POL,COM,264.608
POL,ZWE,570.126
POL,HND,1539.927
POL,ZMB,3136.623
POL,ETH,3155.4260000000004
POL,HTI,1025.101
POL,MLI,1909.424
POL,BOL,1381.0780000000002
POL,MMR,2179.42
POL,MDG,537.79
POL,MWI,970.1470000000002
POL,NIC,1378.6540000000005
POL,SWZ,4.093
POL,BFA,1966.874
POL,TTO,1429.3089999999995
POL,TCD,1365.693
POL,CAF,369.654
POL,PRY,2818.464
PRT,NPL,30.874
PRT,LBR,377.796
PRT,LSO,0.07
PRT,RWA,566.3459999999999
PRT,BDI,309.63100000000003
PRT,BWA,1093.824
PRT,KHM,261.997
PRT,UGA,274.564
PRT,NER,317.175
PRT,COM,19.172
PRT,UZB,577.4
PRT,TKM,586.8419999999999
PRT,HTI,764.277
PRT,AFG,495.993
PRT,MMR,463.626
PRT,TJK,1.568
PRT,SUR,404.7780000000001
PRT,KGZ,61.771
PRT,NIC,827.3990000000001
PRT,TCD,1091.61
PRT,CAF,120.184
PRT,MNG,35.608
PRT,YEM,573.2510000000001
PRY,LBR,127.286
PRY,AZE,188.432
PRY,JOR,151.92
PRY,HUN,56.271
PRY,HRV,145.09300000000002
PRY,UKR,89.67099999999999
PRY,JAM,15.181
PRY,LVA,17.095
PRY,IRQ,4.0
PRY,SVK,60.0
PRY,BIH,27.139
PRY,TGO,189.336
PRY,GEO,0.015
PRY,HND,91.286
PRY,BGR,61.18
PRY,AUS,85.89999999999999
PRY,MMR,14.974
PRY,MLT,33.447
PRY,GHA,199.211
PRY,TJK,100.802
PRY,GIN,78.227
PRY,ISL,7.8
PRY,NOR,43.629000000000005
PRY,LUX,2.28
PRY,PAK,48.95099999999999
QAT,ECU,1042.882
QAT,BDI,31.0
QAT,HRV,214.504
QAT,ARM,581.999
QAT,DOM,868.657
QAT,UKR,2008.348
QAT,KHM,231.137
QAT,ALB,124.0
QAT,MOZ,978.087
QAT,JAM,359.295
QAT,GTM,95.52
QAT,AGO,1668.468
QAT,NER,30.443
QAT,MKD,1523.998
QAT,TKM,46.539
QAT,TGO,1954.516
QAT,KAZ,141.525
QAT,ZMB,1231.83
QAT,ETH,2399.14
QAT,MLI,57.42
QAT,MUS,1186.055
QAT,CMR,1287.446
QAT,CHE,1506.05
QAT,CZE,257.0
QAT,AFG,62.157
QAT,BOL,140.248
QAT,GHA,1235.204
QAT,SLE,290.254
QAT,LBY,546.824
QAT,CRI,130.433
QAT,MRT,72.92099999999999
QAT,CYP,217.56
QAT,GIN,243.694
QAT,SUR,59.857
QAT,MWI,291.521
QAT,URY,227.588
QAT,BFA,279.926
QAT,SVN,27.0
QAT,PAN,322.575
QAT,LTU,1678.929
RUS,NPL,1549.0190000000002
RUS,LBR,5976.476000000001
RUS,LSO,176.94
RUS,RWA,1467.91
RUS,NZL,5386.1630000000005
RUS,KHM,3813.283
RUS,JAM,60.486
RUS,NER,150.44899999999998
RUS,COM,0.721
RUS,ZWE,6907.106
RUS,TGO,3721.224
RUS,BHR,635.9060000000001
RUS,COG,2591.836
RUS,ZMB,1814.79
RUS,HTI,4721.021999999999
RUS,MUS,1499.13
RUS,GAB,1266.219
RUS,CMR,3178.3979999999992
RUS,BOL,4484.498
RUS,SLE,1137.722
RUS,SUR,746.503
RUS,MWI,21.648000000000003
RUS,BFA,3608.401
RUS,TCD,651.5600000000001
RUS,CAF,7.823
RUS,PRY,3442.867
RUS,LUX,5415.029
RWA,LBR,5.081
RWA,THA,4.992999999999999
RWA,NZL,0.693
RWA,BGD,2.699
RWA,BWA,1.234
RWA,NGA,7.677
RWA,UKR,4.984
RWA,BRA,2.001
RWA,DNK,5.934
RWA,PHL,0.597
RWA,KAZ,1.4
RWA,GEO,6.789
RWA,IDN,7.893
RWA,MLI,2.124
RWA,AFG,2.184
RWA,MDG,8.413
RWA,MRT,1.745
RWA,CHL,9.964
RWA,TCD,3.756
RWA,CAF,1.761
SAU,LSO,246.933
SAU,RWA,335.2
SAU,HRV,713.8679999999999
SAU,BWA,266.667
SAU,ARM,874.134
SAU,KHM,29.333
SAU,ALB,163.467
SAU,BLR,49.6
SAU,EST,504.533
SAU,ZWE,559.999
SAU,BIH,38.933
SAU,GEO,375.467
SAU,HND,133.067
SAU,ZMB,686.934
SAU,HTI,138.4
SAU,CZE,455.467
SAU,BOL,265.6
SAU,TJK,341.06800000000004
SAU,ISL,273.601
SAU,KGZ,643.467
SAU,SWZ,99.733
SAU,TTO,83.733
SAU,CAF,189.067
SAU,MNG,413.867
SAU,LUX,350.4
SDN,ECU,86.137
SDN,NLD,123.936
SDN,NGA,219.211
SDN,ARM,3.3
SDN,SEN,2.0
SDN,UKR,25.465
SDN,BRA,15.6
SDN,OMN,185.406
SDN,PHL,0.05
SDN,GTM,86.3
SDN,NER,3.79
SDN,SVK,0.1
SDN,PRT,40.003
SDN,IRL,0.04
SDN,BHR,150.87
SDN,KAZ,25.235
SDN,HND,12.0
SDN,MLI,27.0
SDN,GAB,2.5
SDN,AUS,5.615
SDN,AFG,59.523
SDN,IRN,4.216
SDN,TJK,97.373
SDN,MYS,6.793
SDN,ZAF,97.161
SDN,ARG,111.101
SDN,TZA,6.0
SDN,TCD,3.375
SDN,SVN,57.312
SDN,NOR,98.678
SDN,CAF,149.789
SDN,LTU,5.5
SEN,AZE,20.779000000000003
SEN,BDI,9.458
SEN,BLR,5.647
SEN,PHL,31.311
SEN,COM,14.239
SEN,ZWE,1.335
SEN,BHR,0.091
SEN,KAZ,47.292
SEN,HND,13.008
SEN,ZMB,15.323
SEN,ETH,17.023
SEN,AFG,37.503
SEN,SWE,23.925
SEN,CRI,40.205
SEN,NIC,6.486
SEN,QAT,0.106
SEN,SWZ,7.21
SEN,URY,0.504
SEN,KWT,2.026
SEN,FIN,40.02
SEN,PAN,6.08
SGP,LBR,5000.99691215142
SGP,LSO,918.34356091321
SGP,BDI,333.08109583997
SGP,MDA,1967.50060344375
SGP,BWA,4445.11578942294
SGP,ARM,3520.5279374866604
SGP,ALB,671.1264388431401
SGP,UGA,4222.231433976849
SGP,NER,3250.27957256809
SGP,MKD,4605.76089606041
SGP,COM,2181.42783408047
SGP,UZB,1980.2827443365604
SGP,BIH,1944.43276518347
SGP,HND,3823.51089824244
SGP,ZMB,4015.4371264275096
SGP,HTI,2705.47015300792
SGP,MLI,816.1643979088701
SGP,BOL,2560.54675349211
SGP,SLE,2474.59447340248
SGP,MRT,4811.834433108171
SGP,MWI,2319.4689095243502
SGP,ISL,2556.75117284858
SGP,KGZ,3250.7322419007605
SGP,NIC,2668.3464944144
SGP,SWZ,1022.70492423304
SGP,PRY,4248.770267489221
SGP,LUX,6064.2893302582
SUR,AUT,2.052
SUR,SDN,0.243
SUR,BDI,0.2
SUR,HUN,0.216
SUR,UGA,1.25
SUR,SVK,5.2
SUR,IRL,0.5
SUR,MLI,0.9
SUR,CZE,5.357
SUR,LBN,1.034
SUR,CRI,1.854
SUR,SVN,0.691
SUR,NOR,1.666
SUR,CAF,0.986
SUR,FIN,0.193
SVK,NPL,789.1747517316
SVK,LBR,239.6470639472
SVK,LSO,19.68905146
SVK,RWA,283.4277222608
SVK,BDI,65.8240472344
SVK,BWA,162.38388653240003
SVK,KHM,123.1268399712
SVK,MOZ,401.774923238
SVK,LKA,676.0482801592001
SVK,COM,91.529738872
SVK,ZWE,405.4080054544
SVK,BEN,1550.7723083476
SVK,ZMB,272.3016688704
SVK,MLI,519.3512595856
SVK,MUS,589.8867646464
SVK,GAB,531.1883451524
SVK,CMR,339.1679139524
SVK,MMR,126.823928998
SVK,SLE,100.0078583452
SVK,TJK,686.2017083220001
SVK,GIN,35.1953970056
SVK,SUR,312.06659555759995
SVK,MWI,1148.2446093612
SVK,NIC,134.8553922508
SVK,SWZ,16.0406632672
SVK,BFA,157.74617568320002
SVK,TTO,1346.3262072156
SVK,TZA,669.1091070404
SVK,TCD,919.1906725351998
SVK,PAN,488.7365238808
SVK,YEM,500.0810352980001
SVN,NPL,14.03
SVN,LBR,33.532000000000004
SVN,RWA,163.11
SVN,BDI,353.36999999999995
SVN,SEN,212.501
SVN,MOZ,1.493
SVN,JAM,14.647
SVN,UGA,95.325
SVN,GTM,35.048
SVN,AGO,67.865
SVN,NER,152.92899999999997
SVN,ZWE,20.691
SVN,TGO,363.338
SVN,BEN,364.78
SVN,HND,65.369
SVN,COG,2.532
SVN,ZMB,121.33300000000004
SVN,MLI,2.559
SVN,CMR,296.5590000000001
SVN,BOL,158.62400000000002
SVN,MMR,4.412
SVN,MDG,292.891
SVN,SUR,320.1190000000001
SVN,NIC,364.778
SVN,BFA,30.59
SVN,TTO,78.47500000000001
SVN,TZA,24.199
SWE,NPL,1022.171
SWE,LSO,178.224
SWE,BDI,1889.081
SWE,COM,275.35400000000004
SWE,TJK,1238.936
SWE,SWZ,995.804
SWE,CAF,254.848
SWZ,AZE,5.949750326576299
SWZ,JOR,9.44176512593
SWZ,ESP,36.0610307945925
SWZ,BGD,1.390417801846
SWZ,MDA,0.52596287869
SWZ,UKR,32.62077282065
SWZ,KHM,0.13248194163
SWZ,JAM,2.666045265
SWZ,DNK,50.2466174103881
SWZ,COL,14.93504885426
SWZ,KOR,20.54960346208
SWZ,EGY,23.3976357112743
SWZ,BGR,0.00615241215
SWZ,CMR,26.4375247809542
SWZ,CHE,32.53368200866
SWZ,GHA,15.927911455000002
SWZ,SLE,3.2812864800000003
SWZ,MAR,5.372901530595
SWZ,MYS,3.2320671828
SWZ,CYP,2.36580755208
SWZ,GIN,3.41800675
SWZ,CHL,0.7188751796599999
SWZ,ARG,0.7772547349500001
SWZ,TUR,15.0378624973
SWZ,FIN,7.505942823
SWZ,PAN,21.34914360104
TGO,JOR,10.93275135486
TGO,AUT,21.2837
TGO,RWA,9.577665
TGO,GRC,16.486769052150002
TGO,ISR,17.512952005800003
TGO,JPN,2.0432352000000003
TGO,IRL,26.05098275375
TGO,AUS,20.00669502696
TGO,LBY,5.320925
TGO,MWI,5.8138980594000005
TGO,FIN,6.85487318455
TGO,PAN,18.1395654175
THA,LSO,137.606
THA,RWA,2877.301
THA,BDI,1212.612
THA,MDA,1040.3909999999998
THA,BWA,3749.735
THA,MKD,3441.8710000000005
THA,COM,3729.712
THA,TJK,1565.5859999999998
THA,MWI,3377.8080000000004
THA,KGZ,598.557
THA,TCD,3502.5900000000006
THA,CAF,548.126
TTO,AZE,95.2
TTO,AUT,27.646
TTO,NZL,77.97099999999999
TTO,POL,0.0999999999999999
TTO,HRV,9.159
TTO,BGD,151.122
TTO,ALB,0.2
TTO,SAU,62.69
TTO,ISR,34.127
TTO,BLR,3.733
TTO,MOZ,42.52
TTO,TUN,4.423
TTO,OMN,6.923
TTO,PHL,0.35
TTO,KEN,21.854
TTO,UGA,5.312
TTO,AGO,48.853
TTO,LVA,0.788
TTO,RUS,0.052
TTO,COM,14.381
TTO,IRQ,25.859
TTO,KAZ,0.313
TTO,COG,22.92
TTO,EGY,43.365
TTO,GAB,0.016
TTO,CZE,41.742
TTO,GHA,301.464
TTO,SWE,113.005
TTO,MAR,0.052
TTO,CYP,160.06700000000004
TTO,GIN,20.555
TTO,KWT,21.113
TTO,TZA,1.4089999999999998
TTO,SVN,4.873
TTO,NOR,160.709
TTO,CAF,0.728
TTO,FIN,0.003
TTO,PRY,58.024
TUN,NZL,132.51600000000002
TUN,BDI,105.907
TUN,VNM,175.92800000000005
TUN,MDA,1.645
TUN,DOM,139.412
TUN,LKA,28.616
TUN,PHL,158.505
TUN,UGA,245.901
TUN,LVA,70.381
TUN,COM,130.523
TUN,ZWE,18.465
TUN,KAZ,188.6
TUN,GEO,87.779
TUN,ZMB,89.553
TUN,HTI,164.977
TUN,SUR,143.055
TUN,URY,115.587
TUN,TZA,293.486
TUN,PRY,27.764
TUN,LTU,221.802
TUR,LSO,549.251
TUR,BWA,1132.539
TUR,ARM,218.318
TUR,MWI,2220.036
TUR,SWZ,637.9919999999998
TZA,NPL,11.048
TZA,LSO,8.475
TZA,HRV,90.431
TZA,ARM,16.459
TZA,KHM,20.183
TZA,ALB,27.841
TZA,BLR,1.762
TZA,JAM,10.646
TZA,IRQ,0.515
TZA,UZB,91.728
TZA,TKM,31.1
TZA,SVK,0.108
TZA,TGO,79.6
TZA,BHR,18.459
TZA,COL,3.808
TZA,GAB,18.345
TZA,MMR,2.485
TZA,MLT,25.058
TZA,SLE,4.517
TZA,SUR,6.119
TZA,NIC,4.585
TZA,URY,3.916
TZA,CHL,42.307
TZA,BFA,12.941
TZA,TCD,23.224
TZA,SVN,2.627
TZA,CAF,4.22
TZA,PRY,0.831
TZA,PAN,29.685
TZA,YEM,88.173
UGA,ECU,38.315
UGA,HRV,40.324000000000005
UGA,BGD,24.674
UGA,MDA,0.015
UGA,BWA,7.532
UGA,SEN,31.321
UGA,KHM,2.55
UGA,BLR,1.277
UGA,NER,1.776
UGA,LVA,0.926
UGA,IRQ,34.5
UGA,SVK,14.276
UGA,TGO,35.956
UGA,COL,14.937
UGA,KAZ,11.073
UGA,BEN,1.829
UGA,MLI,24.113
UGA,GAB,25.145
UGA,CMR,12.990000000000002
UGA,BOL,6.721
UGA,MMR,1.0
UGA,CRI,0.451
UGA,MDG,34.071
UGA,MRT,0.99
UGA,PER,0.2
UGA,SUR,0.1
UGA,ISL,0.1
UGA,NIC,4.975
UGA,QAT,4.231
UGA,BFA,5.959
UGA,ARG,2.6
UGA,KWT,34.578
UGA,TCD,0.558
UGA,CAF,12.04
UKR,RWA,551.374
UKR,BWA,43.86999999999999
UKR,KHM,622.4209999999999
UKR,NER,334.83000000000004
UKR,COM,70.336
UKR,ZWE,28.618
UKR,ZMB,5.815
UKR,HTI,5.678
UKR,MUS,44.409
UKR,BOL,58.202
UKR,SLE,767.1890000000001
UKR,MDG,162.35000000000002
UKR,SUR,327.20500000000004
UKR,MWI,1.59
UKR,ISL,161.55599999999998
UKR,URY,47.836
UKR,CAF,930.136
URY,RWA,48.78
URY,BWA,43.162
URY,ARM,92.421
URY,KHM,61.856
URY,KEN,136.551
URY,UGA,58.154
URY,ZWE,93.03
URY,SVK,3.991
URY,ZMB,69.395
URY,MDG,78.128
URY,TZA,27.17
URY,CAF,15.138
URY,LUX,134.472
USA,LSO,12833.702000000005
USA,BWA,21091.236
USA,MKD,18391.099
USA,COM,964.436
USA,BIH,20011.409
USA,TJK,12595.694
USA,SWZ,17134.875999999997
USA,CAF,10816.747
VNM,ZWE,1014.88
VNM,TJK,1030.6529999999998
VNM,BFA,991.914
YEM,LBR,160.928
YEM,NZL,27.492
YEM,ECU,1.0
YEM,HUN,14.143
YEM,BGD,68.01
YEM,DNK,172.982
YEM,PHL,6.226
YEM,UGA,47.728
YEM,RUS,7.132
YEM,COM,36.745
YEM,IRL,1.2
YEM,COG,64.996
YEM,MUS,101.724
YEM,AUS,21.663
YEM,CZE,91.447
YEM,SLE,0.64
YEM,MAR,44.888
YEM,GIN,126.405
YEM,BFA,36.817
YEM,ARG,144.034
YEM,NOR,2.707
YEM,CAF,58.215
YEM,PAN,51.384
ZAF,NPL,1564.9448106881
ZAF,MDA,51.45007052388001
ZAF,ARM,1002.0260277242
ZAF,KHM,1581.8242951993402
ZAF,BLR,104.92973451908
ZAF,JAM,1157.79216106126
ZAF,MKD,395.12495968916
ZAF,UZB,602.8318254168599
ZAF,TKM,0.5964530833999999
ZAF,BIH,1108.5710067827602
ZAF,TJK,310.03906773092
ZAF,SUR,480.5435154341
ZAF,KGZ,532.14139061352
ZAF,NIC,566.70991039146
ZAF,MNG,436.75228819822007
ZMB,NPL,2.929
ZMB,LBR,134.018
ZMB,AUT,26.756
ZMB,HUN,1.641
ZMB,GRC,0.006
ZMB,HRV,1.984
ZMB,MDA,5.001
ZMB,ARM,95.728
ZMB,SEN,61.447
ZMB,UKR,143.394
ZMB,JAM,2.095
ZMB,BRA,170.31699999999998
ZMB,DNK,93.837
ZMB,RUS,142.962
ZMB,SVK,2.516
ZMB,PRT,3.198
ZMB,TGO,0.1
ZMB,BHR,39.872
ZMB,COL,3.432
ZMB,KAZ,1.794
ZMB,KOR,120.034
ZMB,IDN,158.441
ZMB,ETH,2.58
ZMB,MLI,145.833
ZMB,CMR,0.22
ZMB,CZE,0.3
ZMB,MLT,0.01
ZMB,LBN,195.319
ZMB,SLE,0.593
ZMB,PER,20.051
ZMB,CYP,21.718
ZMB,GIN,52.328
ZMB,ISL,149.174
ZMB,NIC,1.062
ZMB,BFA,130.279
ZMB,KWT,0.134
ZMB,NOR,204.85700000000003
ZMB,TUR,114.724
ZMB,FIN,180.386
ZMB,MEX,61.286
ZMB,PAK,105.809
ZWE,NPL,5.338
ZWE,LBR,80.60293999999999
ZWE,RWA,6.23786
ZWE,BDI,64.64248
ZWE,ARM,13.333
ZWE,SEN,0.02
ZWE,JAM,8.064
ZWE,BRA,37.8625
ZWE,EST,20.114
ZWE,IRQ,2.8569
ZWE,SVK,30.25
ZWE,BEN,0.02
ZWE,GEO,65.74207
ZWE,HTI,5.744
ZWE,MLI,11.55
ZWE,GAB,75.27096
ZWE,CMR,25.105
ZWE,CZE,42.8259
ZWE,BOL,5.11329
ZWE,GHA,21.3524
ZWE,LBY,3.45
ZWE,MAR,46.57634
ZWE,MDG,0.007
ZWE,GIN,9.289
ZWE,QAT,1.842
ZWE,BFA,49.45565
ZWE,ARG,75.0
ZWE,TUR,32.2286
ZWE,FIN,27.27445
ZWE,LUX,10.35
ZWE,LTU,13.871
